[1712月2025 21:46:07.611] [main/INFO] [cpw.mods.modlauncher.Launcher/MODLAUNCHER]: ModLauncher running: args [--launchTarget, forgeclientdev, --version, 21.1.216, --assetIndex, 17, --assetsDir, C:\Users\Andy liu\.gradle\caches\neoformruntime\assets, --gameDir, ., --fml.fmlVersion, 4.0.42, --fml.mcVersion, 1.21.1, --fml.neoForgeVersion, 21.1.216, --fml.neoFormVersion, 20240808.144430]
[1712月2025 21:46:07.616] [main/INFO] [cpw.mods.modlauncher.Launcher/MODLAUNCHER]: JVM identified as Microsoft OpenJDK 64-Bit Server VM 21.0.9+10-LTS
[1712月2025 21:46:07.620] [main/INFO] [cpw.mods.modlauncher.Launcher/MODLAUNCHER]: ModLauncher 11.0.5+main.901c6ea8 starting: java version 21.0.9 by Microsoft; OS Windows 11 arch amd64 version 10.0
[1712月2025 21:46:07.654] [main/DEBUG] [cpw.mods.modlauncher.LaunchServiceHandler/MODLAUNCHER]: Found launch services [minecraft,forgeclient,forgedatauserdev,testharness,forgeserverdev,forgeserveruserdev,forgejunitdev,forgeclientdev,forgeclientuserdev,forgeserver,forgejunituserdev,forgedatadev]
[1712月2025 21:46:07.686] [main/DEBUG] [cpw.mods.modlauncher.LaunchPluginHandler/MODLAUNCHER]: Found launch plugins: [mixin,slf4jfixer,runtime_enum_extender,accesstransformer,runtimedistcleaner]
[1712月2025 21:46:07.699] [main/DEBUG] [cpw.mods.modlauncher.TransformationServicesHandler/MODLAUNCHER]: Discovering transformation services
[1712月2025 21:46:07.706] [main/DEBUG] [net.neoforged.fml.loading.FMLPaths/CORE]: Path GAMEDIR is C:\Users\Andy liu\IdeaProjects\administrator_authorization\run
[1712月2025 21:46:07.707] [main/DEBUG] [net.neoforged.fml.loading.FMLPaths/CORE]: Path MODSDIR is C:\Users\Andy liu\IdeaProjects\administrator_authorization\run\mods
[1712月2025 21:46:07.707] [main/DEBUG] [net.neoforged.fml.loading.FMLPaths/CORE]: Path CONFIGDIR is C:\Users\Andy liu\IdeaProjects\administrator_authorization\run\config
[1712月2025 21:46:07.707] [main/DEBUG] [net.neoforged.fml.loading.FMLPaths/CORE]: Path FMLCONFIG is C:\Users\Andy liu\IdeaProjects\administrator_authorization\run\config\fml.toml
[1712月2025 21:46:07.734] [main/WARN] [net.neoforged.fml.loading.FMLConfig/CORE]: Configuration file C:\Users\Andy liu\IdeaProjects\administrator_authorization\run\config\fml.toml is not correct. Correcting
[1712月2025 21:46:07.756] [main/DEBUG] [net.neoforged.fml.loading.targets.CommonLaunchHandler/CORE]: Got mod coordinates administrator_authorization%%C:\\Users\\Andy liu\\IdeaProjects\\administrator_authorization\\build\\classes\\java\\main;administrator_authorization%%C:\\Users\\Andy liu\\IdeaProjects\\administrator_authorization\\build\\resources\\main from env
[1712月2025 21:46:07.758] [main/DEBUG] [net.neoforged.fml.loading.targets.CommonLaunchHandler/CORE]: Found supplied mod coordinates [{administrator_authorization=[C:\Users\Andy liu\IdeaProjects\administrator_authorization\build\classes\java\main, C:\Users\Andy liu\IdeaProjects\administrator_authorization\build\resources\main]}]
[1712月2025 21:46:07.763] [main/DEBUG] [cpw.mods.modlauncher.TransformationServicesHandler/MODLAUNCHER]: Found additional transformation services from discovery services: 
[1712月2025 21:46:07.771] [main/INFO] [net.neoforged.fml.loading.ImmediateWindowHandler/]: Loading ImmediateWindowProvider fmlearlywindow
[1712月2025 21:46:07.936] [main/INFO] [EARLYDISPLAY/]: Trying GL version 4.6
[1712月2025 21:46:08.111] [main/INFO] [EARLYDISPLAY/]: Requested GL version 4.6 got version 4.6
[1712月2025 21:46:08.183] [main/DEBUG] [cpw.mods.modlauncher.TransformationServicesHandler/MODLAUNCHER]: Found transformer services : [mixin,fml]
[1712月2025 21:46:08.183] [main/DEBUG] [cpw.mods.modlauncher.TransformationServicesHandler/MODLAUNCHER]: Transformation services loading
[1712月2025 21:46:08.184] [main/DEBUG] [cpw.mods.modlauncher.TransformationServiceDecorator/MODLAUNCHER]: Loading service mixin
[1712月2025 21:46:08.184] [main/DEBUG] [cpw.mods.modlauncher.TransformationServiceDecorator/MODLAUNCHER]: Loaded service mixin
[1712月2025 21:46:08.185] [main/DEBUG] [cpw.mods.modlauncher.TransformationServiceDecorator/MODLAUNCHER]: Loading service fml
[1712月2025 21:46:08.185] [main/DEBUG] [net.neoforged.fml.loading.FMLLoader/CORE]: FML 4.0.42 loading
[1712月2025 21:46:08.186] [main/DEBUG] [net.neoforged.fml.loading.FMLLoader/CORE]: FML found ModLauncher version : 11.0.5+main.901c6ea8
[1712月2025 21:46:08.187] [main/DEBUG] [net.neoforged.fml.loading.FMLLoader/CORE]: FML found AccessTransformer version : 10.0.1+139da711
[1712月2025 21:46:08.188] [main/DEBUG] [net.neoforged.fml.loading.FMLLoader/CORE]: FML found EventBus version : null
[1712月2025 21:46:08.189] [main/DEBUG] [net.neoforged.fml.loading.FMLLoader/CORE]: Found Runtime Dist Cleaner
[1712月2025 21:46:08.189] [main/DEBUG] [cpw.mods.modlauncher.TransformationServiceDecorator/MODLAUNCHER]: Loaded service fml
[1712月2025 21:46:08.191] [main/DEBUG] [cpw.mods.modlauncher.TransformationServicesHandler/MODLAUNCHER]: Configuring option handling for services
[1712月2025 21:46:08.387] [main/DEBUG] [net.neoforged.fml.loading.FMLServiceProvider/CORE]: Received command line version data  : VersionInfo[neoForgeVersion=21.1.216, fmlVersion=4.0.42, mcVersion=1.21.1, neoFormVersion=20240808.144430]
[1712月2025 21:46:08.388] [main/DEBUG] [cpw.mods.modlauncher.TransformationServicesHandler/MODLAUNCHER]: Transformation services initializing
[1712月2025 21:46:08.389] [main/DEBUG] [cpw.mods.modlauncher.TransformationServiceDecorator/MODLAUNCHER]: Initializing transformation service mixin
[1712月2025 21:46:08.406] [main/DEBUG] [mixin/]: MixinService [ModLauncher] was successfully booted in cpw.mods.cl.ModuleClassLoader@5aa9e4eb
[1712月2025 21:46:08.422] [main/INFO] [mixin/]: SpongePowered MIXIN Subsystem Version=0.8.7 Source=union:/C:/Users/Andy%20liu/.gradle/caches/modules-2/files-2.1/net.fabricmc/sponge-mixin/0.15.2+mixin.0.8.7/2af2f021d8e02a0220dc27a7a72b4666d66d44ca/sponge-mixin-0.15.2+mixin.0.8.7.jar%23138!/ Service=ModLauncher Env=CLIENT
[1712月2025 21:46:08.427] [main/DEBUG] [mixin/]: Initialising Mixin Platform Manager
[1712月2025 21:46:08.427] [main/DEBUG] [mixin/]: Adding mixin platform agents for container ModLauncher Root Container(ModLauncher:4f56a0a2)
[1712月2025 21:46:08.428] [main/DEBUG] [mixin/]: Instancing new MixinPlatformAgentMinecraftForge for ModLauncher Root Container(ModLauncher:4f56a0a2)
[1712月2025 21:46:08.428] [main/DEBUG] [mixin/]: MixinPlatformAgentMinecraftForge rejected container ModLauncher Root Container(ModLauncher:4f56a0a2)
[1712月2025 21:46:08.428] [main/DEBUG] [mixin/]: Instancing new MixinPlatformAgentDefault for ModLauncher Root Container(ModLauncher:4f56a0a2)
[1712月2025 21:46:08.430] [main/DEBUG] [mixin/]: MixinPlatformAgentDefault accepted container ModLauncher Root Container(ModLauncher:4f56a0a2)
[1712月2025 21:46:08.432] [main/DEBUG] [cpw.mods.modlauncher.TransformationServiceDecorator/MODLAUNCHER]: Initialized transformation service mixin
[1712月2025 21:46:08.432] [main/DEBUG] [cpw.mods.modlauncher.TransformationServiceDecorator/MODLAUNCHER]: Initializing transformation service fml
[1712月2025 21:46:08.432] [main/DEBUG] [net.neoforged.fml.loading.FMLServiceProvider/CORE]: Setting up basic FML game directories
[1712月2025 21:46:08.434] [main/DEBUG] [net.neoforged.fml.loading.FMLPaths/CORE]: Path GAMEDIR is C:\Users\Andy liu\IdeaProjects\administrator_authorization\run
[1712月2025 21:46:08.434] [main/DEBUG] [net.neoforged.fml.loading.FMLPaths/CORE]: Path MODSDIR is C:\Users\Andy liu\IdeaProjects\administrator_authorization\run\mods
[1712月2025 21:46:08.434] [main/DEBUG] [net.neoforged.fml.loading.FMLPaths/CORE]: Path CONFIGDIR is C:\Users\Andy liu\IdeaProjects\administrator_authorization\run\config
[1712月2025 21:46:08.435] [main/DEBUG] [net.neoforged.fml.loading.FMLPaths/CORE]: Path FMLCONFIG is C:\Users\Andy liu\IdeaProjects\administrator_authorization\run\config\fml.toml
[1712月2025 21:46:08.435] [main/DEBUG] [net.neoforged.fml.loading.FMLServiceProvider/CORE]: Loading configuration
[1712月2025 21:46:08.436] [main/WARN] [net.neoforged.fml.loading.FMLConfig/CORE]: Configuration file C:\Users\Andy liu\IdeaProjects\administrator_authorization\run\config\fml.toml is not correct. Correcting
[1712月2025 21:46:08.440] [main/DEBUG] [net.neoforged.fml.loading.FMLServiceProvider/CORE]: Preparing launch handler
[1712月2025 21:46:08.441] [main/DEBUG] [net.neoforged.fml.loading.FMLLoader/CORE]: Using forgeclientdev as launch service
[1712月2025 21:46:08.443] [main/DEBUG] [cpw.mods.modlauncher.TransformationServiceDecorator/MODLAUNCHER]: Initialized transformation service fml
[1712月2025 21:46:08.443] [main/DEBUG] [cpw.mods.modlauncher.TransformationServicesHandler/MODLAUNCHER]: Transformation services begin scanning
[1712月2025 21:46:08.444] [main/DEBUG] [cpw.mods.modlauncher.TransformationServiceDecorator/MODLAUNCHER]: Beginning scan trigger - transformation service mixin
[1712月2025 21:46:08.444] [main/DEBUG] [cpw.mods.modlauncher.TransformationServiceDecorator/MODLAUNCHER]: End scan trigger - transformation service mixin
[1712月2025 21:46:08.445] [main/DEBUG] [cpw.mods.modlauncher.TransformationServiceDecorator/MODLAUNCHER]: Beginning scan trigger - transformation service fml
[1712月2025 21:46:08.445] [main/DEBUG] [net.neoforged.fml.loading.FMLServiceProvider/CORE]: Initiating mod scan
[1712月2025 21:46:08.446] [main/DEBUG] [net.neoforged.fml.loading.targets.CommonLaunchHandler/CORE]: Got mod coordinates administrator_authorization%%C:\\Users\\Andy liu\\IdeaProjects\\administrator_authorization\\build\\classes\\java\\main;administrator_authorization%%C:\\Users\\Andy liu\\IdeaProjects\\administrator_authorization\\build\\resources\\main from env
[1712月2025 21:46:08.446] [main/DEBUG] [net.neoforged.fml.loading.targets.CommonLaunchHandler/CORE]: Found supplied mod coordinates [{administrator_authorization=[C:\Users\Andy liu\IdeaProjects\administrator_authorization\build\classes\java\main, C:\Users\Andy liu\IdeaProjects\administrator_authorization\build\resources\main]}]
[1712月2025 21:46:08.449] [main/DEBUG] [net.neoforged.fml.loading.targets.CommonDevLaunchHandler/]: Launching with NeoForge from C:\Users\Andy liu\IdeaProjects\administrator_authorization\build\moddev\artifacts\neoforge-21.1.216.jar
[1712月2025 21:46:08.466] [main/DEBUG] [net.neoforged.fml.util.ServiceLoaderUtil/CORE]: Found 4 implementations of IModFileCandidateLocator:
[1712月2025 21:46:08.468] [main/DEBUG] [net.neoforged.fml.util.ServiceLoaderUtil/CORE]: 	       0 - [built-in] net.neoforged.fml.loading.moddiscovery.locators.NeoForgeDevProvider from loader-4.0.42.jar
[1712月2025 21:46:08.469] [main/DEBUG] [net.neoforged.fml.util.ServiceLoaderUtil/CORE]: 	       0 - net.neoforged.fml.loading.moddiscovery.locators.ModsFolderLocator from loader-4.0.42.jar
[1712月2025 21:46:08.469] [main/DEBUG] [net.neoforged.fml.util.ServiceLoaderUtil/CORE]: 	       0 - net.neoforged.fml.loading.moddiscovery.locators.MavenDirectoryLocator from loader-4.0.42.jar
[1712月2025 21:46:08.469] [main/DEBUG] [net.neoforged.fml.util.ServiceLoaderUtil/CORE]: 	   -1000 - [built-in] net.neoforged.fml.loading.moddiscovery.locators.UserdevLocator from loader-4.0.42.jar
[1712月2025 21:46:08.472] [main/DEBUG] [net.neoforged.fml.util.ServiceLoaderUtil/CORE]: Found 2 implementations of IModFileReader:
[1712月2025 21:46:08.472] [main/DEBUG] [net.neoforged.fml.util.ServiceLoaderUtil/CORE]: 	       0 - net.neoforged.fml.loading.moddiscovery.readers.JarModsDotTomlModFileReader from loader-4.0.42.jar
[1712月2025 21:46:08.473] [main/DEBUG] [net.neoforged.fml.util.ServiceLoaderUtil/CORE]: 	   -1000 - net.neoforged.fml.loading.moddiscovery.readers.NestedLibraryModReader from loader-4.0.42.jar
[1712月2025 21:46:08.474] [main/DEBUG] [net.neoforged.fml.util.ServiceLoaderUtil/CORE]: Found 1 implementations of IDependencyLocator:
[1712月2025 21:46:08.474] [main/DEBUG] [net.neoforged.fml.util.ServiceLoaderUtil/CORE]: 	       0 - net.neoforged.fml.loading.moddiscovery.locators.JarInJarDependencyLocator from loader-4.0.42.jar
[1712月2025 21:46:08.550] [main/DEBUG] [net.neoforged.fml.loading.moddiscovery.ModFileInfo/LOADING]: Found valid mod file neoforge-21.1.216.jar with {minecraft} mods - versions {1.21.1}
[1712月2025 21:46:08.559] [main/DEBUG] [net.neoforged.fml.loading.moddiscovery.ModFileParser/LOADING]: Considering mod file candidate C:\Users\Andy liu\IdeaProjects\administrator_authorization\build\moddev\artifacts\neoforge-21.1.216.jar
[1712月2025 21:46:08.563] [pool-2-thread-1/INFO] [EARLYDISPLAY/]: GL info: AMD Radeon 740M Graphics GL version 4.6.0 Core Profile Context 24.30.76.250729, ATI Technologies Inc.
[1712月2025 21:46:08.585] [main/DEBUG] [net.neoforged.fml.loading.moddiscovery.ModFileInfo/LOADING]: Found valid mod file neoforge-21.1.216.jar with {neoforge} mods - versions {21.1.216}
[1712月2025 21:46:08.591] [main/DEBUG] [net.neoforged.fml.loading.moddiscovery.ModListHandler/CORE]: Found mod coordinates from lists: []
[1712月2025 21:46:08.596] [main/DEBUG] [net.neoforged.fml.loading.moddiscovery.ModFileParser/LOADING]: Considering mod file candidate C:\Users\Andy liu\IdeaProjects\administrator_authorization\build\classes\java\main
[1712月2025 21:46:08.604] [main/DEBUG] [net.neoforged.fml.loading.moddiscovery.ModFileInfo/LOADING]: Found valid mod file main with {administrator_authorization} mods - versions {1.2.0}
[1712月2025 21:46:08.620] [main/DEBUG] [net.neoforged.fml.loading.moddiscovery.ModFileParser/LOADING]: Considering mod file candidate C:\Users\Andy liu\IdeaProjects\administrator_authorization\build\moddev\artifacts\neoforge-21.1.216.jar
[1712月2025 21:46:08.622] [main/DEBUG] [net.neoforged.fml.loading.moddiscovery.ModFileInfo/LOADING]: Found valid mod file neoforge-21.1.216.jar with {neoforge} mods - versions {21.1.216}
[1712月2025 21:46:08.657] [main/DEBUG] [net.neoforged.fml.loading.moddiscovery.ModDiscoverer/]: Skipping C:\Users\Andy liu\.gradle\caches\modules-2\files-2.1\net.neoforged.fancymodloader\earlydisplay\4.0.42\46555dbfff14e9e052f1f693aed14d542a74e111\earlydisplay-4.0.42.jar because it was already located earlier
[1712月2025 21:46:08.657] [main/DEBUG] [net.neoforged.fml.loading.moddiscovery.ModDiscoverer/]: Skipping C:\Users\Andy liu\.gradle\caches\modules-2\files-2.1\net.neoforged.fancymodloader\loader\4.0.42\76e15f98bf676fb44b36c5e776f52a55581ec43a\loader-4.0.42.jar because it was already located earlier
[1712月2025 21:46:08.657] [main/DEBUG] [net.neoforged.fml.loading.moddiscovery.ModDiscoverer/]: Skipping C:\Users\Andy liu\.gradle\caches\modules-2\files-2.1\net.neoforged.accesstransformers\at-modlauncher\10.0.1\5aba50202aceead086bc09fbc2751c9f05cb4890\at-modlauncher-10.0.1.jar because it was already located earlier
[1712月2025 21:46:08.657] [main/DEBUG] [net.neoforged.fml.loading.moddiscovery.ModDiscoverer/]: Skipping C:\Users\Andy liu\.gradle\caches\modules-2\files-2.1\net.neoforged\accesstransformers\10.0.1\fd83b5725f76eae9115e9355fa1c456a6a441400\accesstransformers-10.0.1.jar because it was already located earlier
[1712月2025 21:46:08.658] [main/DEBUG] [net.neoforged.fml.loading.moddiscovery.ModDiscoverer/]: Skipping C:\Users\Andy liu\.gradle\caches\modules-2\files-2.1\net.neoforged\bus\8.0.5\5b2d33285ab5d1554e9798ad98c40d6ea3868bd5\bus-8.0.5.jar because it was already located earlier
[1712月2025 21:46:08.658] [main/DEBUG] [net.neoforged.fml.loading.moddiscovery.ModDiscoverer/]: Skipping C:\Users\Andy liu\.gradle\caches\modules-2\files-2.1\net.neoforged\coremods\7.0.3\9147e6f638b4272b3bd5fc8f92ad37802512c6c\coremods-7.0.3.jar because it was already located earlier
[1712月2025 21:46:08.658] [main/DEBUG] [net.neoforged.fml.loading.moddiscovery.ModDiscoverer/]: Skipping C:\Users\Andy liu\.gradle\caches\modules-2\files-2.1\cpw.mods\modlauncher\11.0.5\b8f0d49294f733fdb6173931b263553e943dc950\modlauncher-11.0.5.jar because it was already located earlier
[1712月2025 21:46:08.658] [main/DEBUG] [net.neoforged.fml.loading.moddiscovery.ModDiscoverer/]: Skipping C:\Users\Andy liu\.gradle\caches\modules-2\files-2.1\net.neoforged\mergetool\2.0.0\52fe1949be64e3303aabaaa21e315f551db9c9f4\mergetool-2.0.0-api.jar because it was already located earlier
[1712月2025 21:46:08.658] [main/DEBUG] [net.neoforged.fml.loading.moddiscovery.ModDiscoverer/]: Skipping C:\Users\Andy liu\.gradle\caches\modules-2\files-2.1\com.electronwill.night-config\toml\3.8.3\90b2fd6efcb4a7d5b9810cf78f9d824994d717f2\toml-3.8.3.jar because it was already located earlier
[1712月2025 21:46:08.659] [main/DEBUG] [net.neoforged.fml.loading.moddiscovery.ModDiscoverer/]: Skipping C:\Users\Andy liu\.gradle\caches\modules-2\files-2.1\com.electronwill.night-config\core\3.8.3\b442a95f09e349927f5a945ecb594455870fcf4f\core-3.8.3.jar because it was already located earlier
[1712月2025 21:46:08.659] [main/DEBUG] [net.neoforged.fml.loading.moddiscovery.ModDiscoverer/]: Skipping C:\Users\Andy liu\.gradle\caches\modules-2\files-2.1\net.neoforged\JarJarSelector\0.4.1\fb3cc7a58af22ad2880adb98af6d518128c47dae\JarJarSelector-0.4.1.jar because it was already located earlier
[1712月2025 21:46:08.659] [main/DEBUG] [net.neoforged.fml.loading.moddiscovery.ModDiscoverer/]: Skipping C:\Users\Andy liu\.gradle\caches\modules-2\files-2.1\net.neoforged\JarJarMetadata\0.4.1\f8da03683dc81694556dc3e177c5e3bb77ae6fcb\JarJarMetadata-0.4.1.jar because it was already located earlier
[1712月2025 21:46:08.659] [main/DEBUG] [net.neoforged.fml.loading.moddiscovery.ModDiscoverer/]: Skipping C:\Users\Andy liu\.gradle\caches\modules-2\files-2.1\org.apache.maven\maven-artifact\3.8.5\4433f50c07debefaed0553bd0068f4f48d449313\maven-artifact-3.8.5.jar because it was already located earlier
[1712月2025 21:46:08.659] [main/DEBUG] [net.neoforged.fml.loading.moddiscovery.ModDiscoverer/]: Skipping C:\Users\Andy liu\.gradle\caches\modules-2\files-2.1\net.jodah\typetools\0.6.3\a01aaa6ddaea9ec07ec4f209487b7a46a526283a\typetools-0.6.3.jar because it was already located earlier
[1712月2025 21:46:08.660] [main/DEBUG] [net.neoforged.fml.loading.moddiscovery.ModDiscoverer/]: Skipping C:\Users\Andy liu\.gradle\caches\modules-2\files-2.1\net.minecrell\terminalconsoleappender\1.3.0\b562e9bb61235c9520e26282cdee71f8f802d1fc\terminalconsoleappender-1.3.0.jar because it was already located earlier
[1712月2025 21:46:08.660] [main/DEBUG] [net.neoforged.fml.loading.moddiscovery.ModDiscoverer/]: Skipping C:\Users\Andy liu\.gradle\caches\modules-2\files-2.1\net.fabricmc\sponge-mixin\0.15.2+mixin.0.8.7\2af2f021d8e02a0220dc27a7a72b4666d66d44ca\sponge-mixin-0.15.2+mixin.0.8.7.jar because it was already located earlier
[1712月2025 21:46:08.660] [main/DEBUG] [net.neoforged.fml.loading.moddiscovery.ModDiscoverer/]: Skipping C:\Users\Andy liu\.gradle\caches\modules-2\files-2.1\org.openjdk.nashorn\nashorn-core\15.4\f67f5ffaa5f5130cf6fb9b133da00c7df3b532a5\nashorn-core-15.4.jar because it was already located earlier
[1712月2025 21:46:08.660] [main/DEBUG] [net.neoforged.fml.loading.moddiscovery.ModDiscoverer/]: Skipping C:\Users\Andy liu\.gradle\caches\modules-2\files-2.1\org.apache.commons\commons-lang3\3.14.0\1ed471194b02f2c6cb734a0cd6f6f107c673afae\commons-lang3-3.14.0.jar because it was already located earlier
[1712月2025 21:46:08.660] [main/DEBUG] [net.neoforged.fml.loading.moddiscovery.ModDiscoverer/]: Skipping C:\Users\Andy liu\.gradle\caches\modules-2\files-2.1\net.sf.jopt-simple\jopt-simple\5.0.4\4fdac2fbe92dfad86aa6e9301736f6b4342a3f5c\jopt-simple-5.0.4.jar because it was already located earlier
[1712月2025 21:46:08.660] [main/DEBUG] [net.neoforged.fml.loading.moddiscovery.ModDiscoverer/]: Skipping C:\Users\Andy liu\.gradle\caches\modules-2\files-2.1\commons-io\commons-io\2.15.1\f11560da189ab563a5c8e351941415430e9304ea\commons-io-2.15.1.jar because it was already located earlier
[1712月2025 21:46:08.660] [main/DEBUG] [net.neoforged.fml.loading.moddiscovery.ModDiscoverer/]: Skipping C:\Users\Andy liu\.gradle\caches\modules-2\files-2.1\com.mojang\logging\1.2.7\24cb95ffb0e3433fd6e844c04e68009e504ca1c0\logging-1.2.7.jar because it was already located earlier
[1712月2025 21:46:08.661] [main/DEBUG] [net.neoforged.fml.loading.moddiscovery.ModDiscoverer/]: Skipping C:\Users\Andy liu\.gradle\caches\modules-2\files-2.1\org.apache.logging.log4j\log4j-slf4j2-impl\2.22.1\d7e6693c2606cb7e7335047d7bb96dec52db5665\log4j-slf4j2-impl-2.22.1.jar because it was already located earlier
[1712月2025 21:46:08.661] [main/DEBUG] [net.neoforged.fml.loading.moddiscovery.ModDiscoverer/]: Skipping C:\Users\Andy liu\.gradle\caches\modules-2\files-2.1\org.apache.logging.log4j\log4j-core\2.22.1\7183a25510a02ad00cc6a95d3b3d2a7d3c5a8dc4\log4j-core-2.22.1.jar because it was already located earlier
[1712月2025 21:46:08.661] [main/DEBUG] [net.neoforged.fml.loading.moddiscovery.ModDiscoverer/]: Skipping C:\Users\Andy liu\.gradle\caches\modules-2\files-2.1\org.apache.logging.log4j\log4j-api\2.22.1\bea6fede6328fabafd7e68363161a7ea6605abd1\log4j-api-2.22.1.jar because it was already located earlier
[1712月2025 21:46:08.661] [main/DEBUG] [net.neoforged.fml.loading.moddiscovery.ModDiscoverer/]: Skipping C:\Users\Andy liu\.gradle\caches\modules-2\files-2.1\com.google.guava\guava\32.1.2-jre\5e64ec7e056456bef3a4bc4c6fdaef71e8ab6318\guava-32.1.2-jre.jar because it was already located earlier
[1712月2025 21:46:08.661] [main/DEBUG] [net.neoforged.fml.loading.moddiscovery.ModDiscoverer/]: Skipping C:\Users\Andy liu\.gradle\caches\modules-2\files-2.1\com.google.code.gson\gson\2.10.1\b3add478d4382b78ea20b1671390a858002feb6c\gson-2.10.1.jar because it was already located earlier
[1712月2025 21:46:08.661] [main/DEBUG] [net.neoforged.fml.loading.moddiscovery.ModDiscoverer/]: Skipping C:\Users\Andy liu\.gradle\caches\modules-2\files-2.1\org.slf4j\slf4j-api\2.0.9\7cf2726fdcfbc8610f9a71fb3ed639871f315340\slf4j-api-2.0.9.jar because it was already located earlier
[1712月2025 21:46:08.661] [main/DEBUG] [net.neoforged.fml.loading.moddiscovery.ModDiscoverer/]: Skipping C:\Users\Andy liu\.gradle\caches\modules-2\files-2.1\org.antlr\antlr4-runtime\4.13.1\17125bae1d965624e265ef49552f6465a2bfa307\antlr4-runtime-4.13.1.jar because it was already located earlier
[1712月2025 21:46:08.661] [main/DEBUG] [net.neoforged.fml.loading.moddiscovery.ModDiscoverer/]: Skipping C:\Users\Andy liu\.gradle\caches\modules-2\files-2.1\net.minecraftforge\srgutils\0.4.15\ca408b131759478f164e010fae0d73997e125fb5\srgutils-0.4.15.jar because it was already located earlier
[1712月2025 21:46:08.662] [main/DEBUG] [net.neoforged.fml.loading.moddiscovery.ModDiscoverer/]: Skipping C:\Users\Andy liu\.gradle\caches\modules-2\files-2.1\org.codehaus.plexus\plexus-utils\3.3.0\cf43b5391de623b36fe066a21127baef82c64022\plexus-utils-3.3.0.jar because it was already located earlier
[1712月2025 21:46:08.662] [main/DEBUG] [net.neoforged.fml.loading.moddiscovery.ModDiscoverer/]: Skipping C:\Users\Andy liu\.gradle\caches\modules-2\files-2.1\org.jline\jline-reader\3.20.0\8f15415b022a25b473e8e16c28ae913186ffb9c4\jline-reader-3.20.0.jar because it was already located earlier
[1712月2025 21:46:08.662] [main/DEBUG] [net.neoforged.fml.loading.moddiscovery.ModDiscoverer/]: Skipping C:\Users\Andy liu\.gradle\caches\modules-2\files-2.1\com.machinezoo.noexception\noexception\1.7.1\b65330c98e38a1f915fa54a6e5eca496505e3f0a\noexception-1.7.1.jar because it was already located earlier
[1712月2025 21:46:08.662] [main/DEBUG] [net.neoforged.fml.loading.moddiscovery.ModDiscoverer/]: Skipping C:\Users\Andy liu\.gradle\caches\modules-2\files-2.1\com.github.oshi\oshi-core\6.4.10\b1d8ab82d11d92fd639b56d639f8f46f739dd5fa\oshi-core-6.4.10.jar because it was already located earlier
[1712月2025 21:46:08.662] [main/DEBUG] [net.neoforged.fml.loading.moddiscovery.ModDiscoverer/]: Skipping C:\Users\Andy liu\.gradle\caches\modules-2\files-2.1\com.google.guava\failureaccess\1.0.1\1dcf1de382a0bf95a3d8b0849546c88bac1292c9\failureaccess-1.0.1.jar because it was already located earlier
[1712月2025 21:46:08.662] [main/DEBUG] [net.neoforged.fml.loading.moddiscovery.ModDiscoverer/]: Skipping C:\Users\Andy liu\.gradle\caches\modules-2\files-2.1\com.ibm.icu\icu4j\73.2\61ad4ef7f9131fcf6d25c34b817f90d6da06c9e9\icu4j-73.2.jar because it was already located earlier
[1712月2025 21:46:08.663] [main/DEBUG] [net.neoforged.fml.loading.moddiscovery.ModDiscoverer/]: Skipping C:\Users\Andy liu\.gradle\caches\modules-2\files-2.1\com.mojang\authlib\6.0.54\de8bc95660e1b2fe8793fd427a7a10dcec5b3ea7\authlib-6.0.54.jar because it was already located earlier
[1712月2025 21:46:08.663] [main/DEBUG] [net.neoforged.fml.loading.moddiscovery.ModDiscoverer/]: Skipping C:\Users\Andy liu\.gradle\caches\modules-2\files-2.1\com.mojang\blocklist\1.0.10\5c685c5ffa94c4cd39496c7184c1d122e515ecef\blocklist-1.0.10.jar because it was already located earlier
[1712月2025 21:46:08.663] [main/DEBUG] [net.neoforged.fml.loading.moddiscovery.ModDiscoverer/]: Skipping C:\Users\Andy liu\.gradle\caches\modules-2\files-2.1\com.mojang\brigadier\1.3.10\d15b53a14cf20fdcaa98f731af5dda654452c010\brigadier-1.3.10.jar because it was already located earlier
[1712月2025 21:46:08.663] [main/DEBUG] [net.neoforged.fml.loading.moddiscovery.ModDiscoverer/]: Skipping C:\Users\Andy liu\.gradle\caches\modules-2\files-2.1\com.mojang\datafixerupper\8.0.16\67d4de6d7f95d89bcf5862995fb854ebaec02a34\datafixerupper-8.0.16.jar because it was already located earlier
[1712月2025 21:46:08.663] [main/DEBUG] [net.neoforged.fml.loading.moddiscovery.ModDiscoverer/]: Skipping C:\Users\Andy liu\.gradle\caches\modules-2\files-2.1\com.mojang\patchy\2.2.10\da05971b07cbb379d002cf7eaec6a2048211fefc\patchy-2.2.10.jar because it was already located earlier
[1712月2025 21:46:08.663] [main/DEBUG] [net.neoforged.fml.loading.moddiscovery.ModDiscoverer/]: Skipping C:\Users\Andy liu\.gradle\caches\modules-2\files-2.1\com.mojang\text2speech\1.17.9\3cad216e3a7f0c19b4b394388bc9ffc446f13b14\text2speech-1.17.9.jar because it was already located earlier
[1712月2025 21:46:08.664] [main/DEBUG] [net.neoforged.fml.loading.moddiscovery.ModDiscoverer/]: Skipping C:\Users\Andy liu\.gradle\caches\modules-2\files-2.1\commons-codec\commons-codec\1.16.0\4e3eb3d79888d76b54e28b350915b5dc3919c9de\commons-codec-1.16.0.jar because it was already located earlier
[1712月2025 21:46:08.664] [main/DEBUG] [net.neoforged.fml.loading.moddiscovery.ModDiscoverer/]: Skipping C:\Users\Andy liu\.gradle\caches\modules-2\files-2.1\commons-logging\commons-logging\1.2\4bfc12adfe4842bf07b657f0369c4cb522955686\commons-logging-1.2.jar because it was already located earlier
[1712月2025 21:46:08.664] [main/DEBUG] [net.neoforged.fml.loading.moddiscovery.ModDiscoverer/]: Skipping C:\Users\Andy liu\.gradle\caches\modules-2\files-2.1\io.netty\netty-buffer\4.1.97.Final\f8f3d8644afa5e6e1a40a3a6aeb9d9aa970ecb4f\netty-buffer-4.1.97.Final.jar because it was already located earlier
[1712月2025 21:46:08.664] [main/DEBUG] [net.neoforged.fml.loading.moddiscovery.ModDiscoverer/]: Skipping C:\Users\Andy liu\.gradle\caches\modules-2\files-2.1\io.netty\netty-codec\4.1.97.Final\384ba4d75670befbedb45c4d3b497a93639c206d\netty-codec-4.1.97.Final.jar because it was already located earlier
[1712月2025 21:46:08.664] [main/DEBUG] [net.neoforged.fml.loading.moddiscovery.ModDiscoverer/]: Skipping C:\Users\Andy liu\.gradle\caches\modules-2\files-2.1\io.netty\netty-common\4.1.97.Final\7cceacaf11df8dc63f23d0fb58e9d4640fc88404\netty-common-4.1.97.Final.jar because it was already located earlier
[1712月2025 21:46:08.664] [main/DEBUG] [net.neoforged.fml.loading.moddiscovery.ModDiscoverer/]: Skipping C:\Users\Andy liu\.gradle\caches\modules-2\files-2.1\io.netty\netty-handler\4.1.97.Final\abb86c6906bf512bf2b797a41cd7d2e8d3cd7c36\netty-handler-4.1.97.Final.jar because it was already located earlier
[1712月2025 21:46:08.664] [main/DEBUG] [net.neoforged.fml.loading.moddiscovery.ModDiscoverer/]: Skipping C:\Users\Andy liu\.gradle\caches\modules-2\files-2.1\io.netty\netty-resolver\4.1.97.Final\cec8348108dc76c47cf87c669d514be52c922144\netty-resolver-4.1.97.Final.jar because it was already located earlier
[1712月2025 21:46:08.664] [main/DEBUG] [net.neoforged.fml.loading.moddiscovery.ModDiscoverer/]: Skipping C:\Users\Andy liu\.gradle\caches\modules-2\files-2.1\io.netty\netty-transport-classes-epoll\4.1.97.Final\795da37ded759e862457a82d9d92c4d39ce8ecee\netty-transport-classes-epoll-4.1.97.Final.jar because it was already located earlier
[1712月2025 21:46:08.664] [main/DEBUG] [net.neoforged.fml.loading.moddiscovery.ModDiscoverer/]: Skipping C:\Users\Andy liu\.gradle\caches\modules-2\files-2.1\io.netty\netty-transport-native-unix-common\4.1.97.Final\d469d84265ab70095b01b40886cabdd433b6e664\netty-transport-native-unix-common-4.1.97.Final.jar because it was already located earlier
[1712月2025 21:46:08.664] [main/DEBUG] [net.neoforged.fml.loading.moddiscovery.ModDiscoverer/]: Skipping C:\Users\Andy liu\.gradle\caches\modules-2\files-2.1\io.netty\netty-transport\4.1.97.Final\f37380d23c9bb079bc702910833b2fd532c9abd0\netty-transport-4.1.97.Final.jar because it was already located earlier
[1712月2025 21:46:08.664] [main/DEBUG] [net.neoforged.fml.loading.moddiscovery.ModDiscoverer/]: Skipping C:\Users\Andy liu\.gradle\caches\modules-2\files-2.1\it.unimi.dsi\fastutil\8.5.12\c24946d46824bd528054bface3231d2ecb7e95e8\fastutil-8.5.12.jar because it was already located earlier
[1712月2025 21:46:08.665] [main/DEBUG] [net.neoforged.fml.loading.moddiscovery.ModDiscoverer/]: Skipping C:\Users\Andy liu\.gradle\caches\modules-2\files-2.1\net.java.dev.jna\jna-platform\5.14.0\28934d48aed814f11e4c584da55c49fa7032b31b\jna-platform-5.14.0.jar because it was already located earlier
[1712月2025 21:46:08.665] [main/DEBUG] [net.neoforged.fml.loading.moddiscovery.ModDiscoverer/]: Skipping C:\Users\Andy liu\.gradle\caches\modules-2\files-2.1\net.java.dev.jna\jna\5.14.0\67bf3eaea4f0718cb376a181a629e5f88fa1c9dd\jna-5.14.0.jar because it was already located earlier
[1712月2025 21:46:08.665] [main/DEBUG] [net.neoforged.fml.loading.moddiscovery.ModDiscoverer/]: Skipping C:\Users\Andy liu\.gradle\caches\modules-2\files-2.1\org.apache.commons\commons-compress\1.26.0\659feffdd12280201c8aacb8f7be94f9a883c824\commons-compress-1.26.0.jar because it was already located earlier
[1712月2025 21:46:08.665] [main/DEBUG] [net.neoforged.fml.loading.moddiscovery.ModDiscoverer/]: Skipping C:\Users\Andy liu\.gradle\caches\modules-2\files-2.1\org.apache.httpcomponents\httpclient\4.5.13\e5f6cae5ca7ecaac1ec2827a9e2d65ae2869cada\httpclient-4.5.13.jar because it was already located earlier
[1712月2025 21:46:08.665] [main/DEBUG] [net.neoforged.fml.loading.moddiscovery.ModDiscoverer/]: Skipping C:\Users\Andy liu\.gradle\caches\modules-2\files-2.1\org.apache.httpcomponents\httpcore\4.4.16\51cf043c87253c9f58b539c9f7e44c8894223850\httpcore-4.4.16.jar because it was already located earlier
[1712月2025 21:46:08.665] [main/DEBUG] [net.neoforged.fml.loading.moddiscovery.ModDiscoverer/]: Skipping C:\Users\Andy liu\.gradle\caches\modules-2\files-2.1\org.jcraft\jorbis\0.0.17\8872d22b293e8f5d7d56ff92be966e6dc28ebdc6\jorbis-0.0.17.jar because it was already located earlier
[1712月2025 21:46:08.665] [main/DEBUG] [net.neoforged.fml.loading.moddiscovery.ModDiscoverer/]: Skipping C:\Users\Andy liu\.gradle\caches\modules-2\files-2.1\org.joml\joml\1.10.5\22566d58af70ad3d72308bab63b8339906deb649\joml-1.10.5.jar because it was already located earlier
[1712月2025 21:46:08.665] [main/DEBUG] [net.neoforged.fml.loading.moddiscovery.ModDiscoverer/]: Skipping C:\Users\Andy liu\.gradle\caches\modules-2\files-2.1\org.lwjgl\lwjgl-freetype\3.3.3\a0db6c84a8becc8ca05f9dbfa985edc348a824c7\lwjgl-freetype-3.3.3.jar because it was already located earlier
[1712月2025 21:46:08.672] [main/DEBUG] [net.neoforged.fml.loading.moddiscovery.ModDiscoverer/]: Skipping C:\Users\Andy liu\.gradle\caches\modules-2\files-2.1\org.lwjgl\lwjgl-freetype\3.3.3\15a8c1de7f51d07a92eae7ce1222557073a0c0c3\lwjgl-freetype-3.3.3-natives-windows-x86.jar because it was already located earlier
[1712月2025 21:46:08.673] [main/DEBUG] [net.neoforged.fml.loading.moddiscovery.ModDiscoverer/]: Skipping C:\Users\Andy liu\.gradle\caches\modules-2\files-2.1\org.lwjgl\lwjgl-glfw\3.3.3\efa1eb78c5ccd840e9f329717109b5e892d72f8e\lwjgl-glfw-3.3.3.jar because it was already located earlier
[1712月2025 21:46:08.680] [main/DEBUG] [net.neoforged.fml.loading.moddiscovery.ModDiscoverer/]: Skipping C:\Users\Andy liu\.gradle\caches\modules-2\files-2.1\org.lwjgl\lwjgl-glfw\3.3.3\32334f3fd5270a59bad9939a93115acb6de36dcf\lwjgl-glfw-3.3.3-natives-windows-x86.jar because it was already located earlier
[1712月2025 21:46:08.680] [main/DEBUG] [net.neoforged.fml.loading.moddiscovery.ModDiscoverer/]: Skipping C:\Users\Andy liu\.gradle\caches\modules-2\files-2.1\org.lwjgl\lwjgl-jemalloc\3.3.3\b543467b7ff3c6920539a88ee602d34098628be5\lwjgl-jemalloc-3.3.3.jar because it was already located earlier
[1712月2025 21:46:08.681] [main/DEBUG] [net.neoforged.fml.loading.moddiscovery.ModDiscoverer/]: Skipping C:\Users\Andy liu\.gradle\caches\modules-2\files-2.1\org.lwjgl\lwjgl-jemalloc\3.3.3\426222fc027602a5f21b9c0fe79cde6a4c7a011f\lwjgl-jemalloc-3.3.3-natives-windows.jar because it was already located earlier
[1712月2025 21:46:08.688] [main/DEBUG] [net.neoforged.fml.loading.moddiscovery.ModDiscoverer/]: Skipping C:\Users\Andy liu\.gradle\caches\modules-2\files-2.1\org.lwjgl\lwjgl-openal\3.3.3\daada81ceb5fc0c291fbfdd4433cb8d9423577f2\lwjgl-openal-3.3.3.jar because it was already located earlier
[1712月2025 21:46:08.695] [main/DEBUG] [net.neoforged.fml.loading.moddiscovery.ModDiscoverer/]: Skipping C:\Users\Andy liu\.gradle\caches\modules-2\files-2.1\org.lwjgl\lwjgl-openal\3.3.3\87b8d5050e3adb46bb58fe1cb2669a4a48fce10d\lwjgl-openal-3.3.3-natives-windows-x86.jar because it was already located earlier
[1712月2025 21:46:08.695] [main/DEBUG] [net.neoforged.fml.loading.moddiscovery.ModDiscoverer/]: Skipping C:\Users\Andy liu\.gradle\caches\modules-2\files-2.1\org.lwjgl\lwjgl-opengl\3.3.3\2f6b0147078396a58979125a4c947664e98293a\lwjgl-opengl-3.3.3.jar because it was already located earlier
[1712月2025 21:46:08.699] [main/DEBUG] [net.neoforged.fml.loading.moddiscovery.ModDiscoverer/]: Skipping C:\Users\Andy liu\.gradle\caches\modules-2\files-2.1\org.lwjgl\lwjgl-opengl\3.3.3\65e956d3735a1abdc82eff4baec1b61174697d4b\lwjgl-opengl-3.3.3-natives-windows-arm64.jar because it was already located earlier
[1712月2025 21:46:08.703] [main/DEBUG] [net.neoforged.fml.loading.moddiscovery.ModDiscoverer/]: Skipping C:\Users\Andy liu\.gradle\caches\modules-2\files-2.1\org.lwjgl\lwjgl-stb\3.3.3\25dd6161988d7e65f71d5065c99902402ee32746\lwjgl-stb-3.3.3.jar because it was already located earlier
[1712月2025 21:46:08.703] [main/DEBUG] [net.neoforged.fml.loading.moddiscovery.ModDiscoverer/]: Skipping C:\Users\Andy liu\.gradle\caches\modules-2\files-2.1\org.lwjgl\lwjgl-stb\3.3.3\1d9facdf6541de114b0f963be33505b7679c78cb\lwjgl-stb-3.3.3-natives-windows.jar because it was already located earlier
[1712月2025 21:46:08.710] [main/DEBUG] [net.neoforged.fml.loading.moddiscovery.ModDiscoverer/]: Skipping C:\Users\Andy liu\.gradle\caches\modules-2\files-2.1\org.lwjgl\lwjgl-tinyfd\3.3.3\82d755ca94b102e9ca77283b9e2dc46d1b15fbe5\lwjgl-tinyfd-3.3.3.jar because it was already located earlier
[1712月2025 21:46:08.711] [main/DEBUG] [net.neoforged.fml.loading.moddiscovery.ModDiscoverer/]: Skipping C:\Users\Andy liu\.gradle\caches\modules-2\files-2.1\org.lwjgl\lwjgl-tinyfd\3.3.3\a6697981b0449a5087c1d546fc08b4f73e8f98c9\lwjgl-tinyfd-3.3.3-natives-windows.jar because it was already located earlier
[1712月2025 21:46:08.718] [main/DEBUG] [net.neoforged.fml.loading.moddiscovery.ModDiscoverer/]: Skipping C:\Users\Andy liu\.gradle\caches\modules-2\files-2.1\org.lwjgl\lwjgl\3.3.3\29589b5f87ed335a6c7e7ee6a5775f81f97ecb84\lwjgl-3.3.3.jar because it was already located earlier
[1712月2025 21:46:08.727] [main/DEBUG] [net.neoforged.fml.loading.moddiscovery.ModDiscoverer/]: Skipping C:\Users\Andy liu\.gradle\caches\modules-2\files-2.1\org.lwjgl\lwjgl\3.3.3\9e670718e050aeaeea0c2d5b907cffb142f2e58f\lwjgl-3.3.3-natives-windows-x86.jar because it was already located earlier
[1712月2025 21:46:08.727] [main/DEBUG] [net.neoforged.fml.loading.moddiscovery.ModDiscoverer/]: Skipping C:\Users\Andy liu\.gradle\caches\modules-2\files-2.1\org.lz4\lz4-java\1.8.0\4b986a99445e49ea5fbf5d149c4b63f6ed6c6780\lz4-java-1.8.0.jar because it was already located earlier
[1712月2025 21:46:08.727] [main/DEBUG] [net.neoforged.fml.loading.moddiscovery.ModDiscoverer/]: Skipping C:\Users\Andy liu\.gradle\caches\modules-2\files-2.1\org.jline\jline-terminal\3.20.0\d0ddcc708ddf527a3454c941b7b9225cc83a15ff\jline-terminal-3.20.0.jar because it was already located earlier
[1712月2025 21:46:08.727] [main/DEBUG] [net.neoforged.fml.loading.moddiscovery.ModDiscoverer/]: Skipping C:\Users\Andy liu\.gradle\caches\modules-2\files-2.1\com.google.guava\listenablefuture\9999.0-empty-to-avoid-conflict-with-guava\b421526c5f297295adef1c886e5246c39d4ac629\listenablefuture-9999.0-empty-to-avoid-conflict-with-guava.jar because it was already located earlier
[1712月2025 21:46:08.727] [main/DEBUG] [net.neoforged.fml.loading.moddiscovery.ModDiscoverer/]: Skipping C:\Users\Andy liu\.gradle\caches\modules-2\files-2.1\com.google.code.findbugs\jsr305\3.0.2\25ea2e8b0c338a877313bd4672d3fe056ea78f0d\jsr305-3.0.2.jar because it was already located earlier
[1712月2025 21:46:08.728] [main/DEBUG] [net.neoforged.fml.loading.moddiscovery.ModDiscoverer/]: Skipping C:\Users\Andy liu\.gradle\caches\modules-2\files-2.1\org.checkerframework\checker-qual\3.33.0\de2b60b62da487644fc11f734e73c8b0b431238f\checker-qual-3.33.0.jar because it was already located earlier
[1712月2025 21:46:08.728] [main/DEBUG] [net.neoforged.fml.loading.moddiscovery.ModDiscoverer/]: Skipping C:\Users\Andy liu\.gradle\caches\modules-2\files-2.1\com.google.errorprone\error_prone_annotations\2.18.0\89b684257096f548fa39a7df9fdaa409d4d4df91\error_prone_annotations-2.18.0.jar because it was already located earlier
[1712月2025 21:46:08.728] [main/DEBUG] [net.neoforged.fml.loading.moddiscovery.ModDiscoverer/]: Skipping C:\Users\Andy liu\.gradle\caches\modules-2\files-2.1\com.google.j2objc\j2objc-annotations\2.8\c85270e307e7b822f1086b93689124b89768e273\j2objc-annotations-2.8.jar because it was already located earlier
[1712月2025 21:46:08.731] [main/DEBUG] [net.neoforged.fml.loading.UniqueModListBuilder/]: Found 2 mods for first modid neoforge, selecting most recent based on version data
[1712月2025 21:46:08.732] [main/DEBUG] [net.neoforged.fml.loading.UniqueModListBuilder/]: Selected file neoforge-21.1.216.jar for modid neoforge with version 21.1.216
[1712月2025 21:46:08.890] [main/INFO] [net.neoforged.fml.loading.moddiscovery.locators.JarInJarDependencyLocator/]: Found 2 dependencies adding them to mods collection
[1712月2025 21:46:08.893] [main/INFO] [net.neoforged.fml.loading.moddiscovery.ModDiscoverer/]: 
     Mod List:
		Name Version (Mod Id)

		Administrator Authorization 1.2.0 (administrator_authorization)
		Minecraft 1.21.1 (minecraft)
		NeoForge 21.1.216 (neoforge)
[1712月2025 21:46:08.895] [main/DEBUG] [net.neoforged.fml.loading.moddiscovery.ModFileInfo/LOADING]: Found valid mod file neoforge-21.1.216.jar with {minecraft} mods - versions {1.21.1}
[1712月2025 21:46:08.899] [main/DEBUG] [net.neoforged.fml.loading.moddiscovery.ModFile/LOADING]: Loading mod file C:\Users\Andy liu\IdeaProjects\administrator_authorization\build\moddev\artifacts\neoforge-21.1.216.jar with languages [LanguageSpec[languageName=minecraft, acceptedVersions=1]]
[1712月2025 21:46:08.900] [main/DEBUG] [net.neoforged.fml.loading.moddiscovery.ModFileParser/LOADING]: Considering mod file candidate C:\Users\Andy liu\IdeaProjects\administrator_authorization\build\classes\java\main
[1712月2025 21:46:08.905] [main/DEBUG] [net.neoforged.fml.loading.moddiscovery.ModFileInfo/LOADING]: Found valid mod file main with {administrator_authorization} mods - versions {1.2.0}
[1712月2025 21:46:08.905] [main/DEBUG] [net.neoforged.fml.loading.moddiscovery.ModFile/LOADING]: Loading mod file C:\Users\Andy liu\IdeaProjects\administrator_authorization\build\classes\java\main with languages [LanguageSpec[languageName=javafml, acceptedVersions=[4,)]]
[1712月2025 21:46:08.909] [main/DEBUG] [net.neoforged.fml.loading.moddiscovery.ModFileParser/LOADING]: Found coremod living_intercept_applier with Javascript path coremods/living_intercept_applier.js
[1712月2025 21:46:08.909] [main/DEBUG] [net.neoforged.fml.loading.moddiscovery.ModFile/LOADING]: Found mixin config MixinConfig[config=administrator_authorization.mixins.json, requiredMods=[]]
[1712月2025 21:46:08.911] [main/DEBUG] [net.neoforged.fml.loading.moddiscovery.ModFileParser/LOADING]: Considering mod file candidate C:\Users\Andy liu\IdeaProjects\administrator_authorization\build\moddev\artifacts\neoforge-21.1.216.jar
[1712月2025 21:46:08.913] [main/DEBUG] [net.neoforged.fml.loading.moddiscovery.ModFileInfo/LOADING]: Found valid mod file neoforge-21.1.216.jar with {neoforge} mods - versions {21.1.216}
[1712月2025 21:46:08.913] [main/DEBUG] [net.neoforged.fml.loading.moddiscovery.ModFile/LOADING]: Loading mod file C:\Users\Andy liu\IdeaProjects\administrator_authorization\build\moddev\artifacts\neoforge-21.1.216.jar with languages [LanguageSpec[languageName=javafml, acceptedVersions=[3,]]]
[1712月2025 21:46:08.913] [main/DEBUG] [net.neoforged.fml.loading.moddiscovery.ModFile/LOADING]: Found mixin config MixinConfig[config=neoforge.mixins.json, requiredMods=[]]
[1712月2025 21:46:08.914] [main/DEBUG] [net.neoforged.fml.loading.moddiscovery.ModFile/LOADING]: Loading mod file  with languages []
[1712月2025 21:46:08.915] [main/DEBUG] [cpw.mods.modlauncher.TransformationServiceDecorator/MODLAUNCHER]: End scan trigger - transformation service fml
[1712月2025 21:46:08.929] [main/DEBUG] [net.neoforged.fml.util.ServiceLoaderUtil/CORE]: Found 3 implementations of IModLanguageLoader:
[1712月2025 21:46:08.929] [main/DEBUG] [net.neoforged.fml.util.ServiceLoaderUtil/CORE]: 	net.neoforged.fml.javafmlmod.FMLJavaModLanguageProvider from loader-4.0.42.jar
[1712月2025 21:46:08.930] [main/DEBUG] [net.neoforged.fml.util.ServiceLoaderUtil/CORE]: 	net.neoforged.fml.lowcodemod.LowCodeModLanguageProvider from loader-4.0.42.jar
[1712月2025 21:46:08.930] [main/DEBUG] [net.neoforged.fml.util.ServiceLoaderUtil/CORE]: 	net.neoforged.fml.mclanguageprovider.MinecraftModLanguageProvider from loader-4.0.42.jar
[1712月2025 21:46:08.930] [main/DEBUG] [net.neoforged.fml.loading.LanguageProviderLoader/CORE]: Found language provider javafml, version 4.0.42
[1712月2025 21:46:08.931] [main/DEBUG] [net.neoforged.fml.loading.LanguageProviderLoader/CORE]: Found language provider lowcodefml, version 4.0.42
[1712月2025 21:46:08.931] [main/DEBUG] [net.neoforged.fml.loading.LanguageProviderLoader/CORE]: Found language provider minecraft, version 4.0.42
[1712月2025 21:46:08.940] [main/DEBUG] [net.neoforged.fml.loading.ModSorter/]: Configured system mods: [minecraft, neoforge]
[1712月2025 21:46:08.941] [main/DEBUG] [net.neoforged.fml.loading.ModSorter/]: Found system mod: minecraft
[1712月2025 21:46:08.941] [main/DEBUG] [net.neoforged.fml.loading.ModSorter/]: Found system mod: neoforge
[1712月2025 21:46:08.944] [main/DEBUG] [net.neoforged.fml.loading.ModSorter/LOADING]: Found 2 mod requirements (2 mandatory, 0 optional)
[1712月2025 21:46:08.944] [main/DEBUG] [net.neoforged.fml.loading.ModSorter/LOADING]: Found 0 mod requirements missing (0 mandatory, 0 optional)
[1712月2025 21:46:09.185] [main/DEBUG] [mixin/]: Adding mixin platform agents for container net.neoforged.fml.loading.mixin.FMLMixinContainerHandle@11b455e5
[1712月2025 21:46:09.186] [main/DEBUG] [mixin/]: Instancing new MixinPlatformAgentMinecraftForge for net.neoforged.fml.loading.mixin.FMLMixinContainerHandle@11b455e5
[1712月2025 21:46:09.186] [main/DEBUG] [mixin/]: MixinPlatformAgentMinecraftForge rejected container net.neoforged.fml.loading.mixin.FMLMixinContainerHandle@11b455e5
[1712月2025 21:46:09.186] [main/DEBUG] [mixin/]: Instancing new MixinPlatformAgentDefault for net.neoforged.fml.loading.mixin.FMLMixinContainerHandle@11b455e5
[1712月2025 21:46:09.186] [main/DEBUG] [mixin/]: MixinPlatformAgentDefault accepted container net.neoforged.fml.loading.mixin.FMLMixinContainerHandle@11b455e5
[1712月2025 21:46:09.186] [main/DEBUG] [mixin/]: Instancing new FMLMixinPlatformAgent for net.neoforged.fml.loading.mixin.FMLMixinContainerHandle@11b455e5
[1712月2025 21:46:09.186] [main/DEBUG] [mixin/]: FMLMixinPlatformAgent accepted container net.neoforged.fml.loading.mixin.FMLMixinContainerHandle@11b455e5
[1712月2025 21:46:09.202] [main/DEBUG] [cpw.mods.modlauncher.TransformationServicesHandler/MODLAUNCHER]: Transformation services loading transformers
[1712月2025 21:46:09.202] [main/DEBUG] [cpw.mods.modlauncher.TransformationServiceDecorator/MODLAUNCHER]: Initializing transformers for transformation service mixin
[1712月2025 21:46:09.204] [main/DEBUG] [cpw.mods.modlauncher.TransformationServiceDecorator/MODLAUNCHER]: Initialized transformers for transformation service mixin
[1712月2025 21:46:09.204] [main/DEBUG] [cpw.mods.modlauncher.TransformationServiceDecorator/MODLAUNCHER]: Initializing transformers for transformation service fml
[1712月2025 21:46:09.204] [main/DEBUG] [net.neoforged.fml.loading.FMLServiceProvider/LOADING]: Loading coremod transformers
[1712月2025 21:46:09.204] [main/INFO] [net.neoforged.fml.loading.FMLServiceProvider/CORE]: Loading coremod script-engine for [administrator_authorization]
[1712月2025 21:46:09.206] [main/DEBUG] [net.neoforged.fml.loading.CoreModScriptLoader/CORE]: Loading coremod scripts
[1712月2025 21:46:09.544] [main/DEBUG] [net.neoforged.coremod.CoreModScriptingEngine/COREMOD]: Loading CoreMod from coremods/living_intercept_applier.js
[1712月2025 21:46:09.742] [main/DEBUG] [net.neoforged.coremod.CoreModScriptingEngine/COREMOD]: CoreMod loaded successfully
[1712月2025 21:46:09.748] [main/DEBUG] [net.neoforged.fml.util.ServiceLoaderUtil/CORE]: Found 1 implementations of ICoreMod:
[1712月2025 21:46:09.749] [main/DEBUG] [net.neoforged.fml.util.ServiceLoaderUtil/CORE]: 	net.neoforged.neoforge.coremods.NeoForgeCoreMod from neoforge-21.1.216.jar > net.neoforged.neoforge-coremods-21.1.216.jar
[1712月2025 21:46:09.751] [main/DEBUG] [net.neoforged.fml.loading.FMLServiceProvider/CORE]: Adding [Target[className=net.minecraft.world.level.biome.Biome, elementName=, elementDescriptor=, targetType=cpw.mods.modlauncher.api.TargetType@3b9d6699]] transformer from core-mod net.neoforged.neoforge.coremods.NeoForgeCoreMod@1e236278 in neoforge-21.1.216.jar > net.neoforged.neoforge-coremods-21.1.216.jar
[1712月2025 21:46:09.753] [main/DEBUG] [net.neoforged.fml.loading.FMLServiceProvider/CORE]: Adding [Target[className=net.minecraft.world.level.levelgen.structure.Structure, elementName=, elementDescriptor=, targetType=cpw.mods.modlauncher.api.TargetType@3b9d6699]] transformer from core-mod net.neoforged.neoforge.coremods.NeoForgeCoreMod@1e236278 in neoforge-21.1.216.jar > net.neoforged.neoforge-coremods-21.1.216.jar
[1712月2025 21:46:09.753] [main/DEBUG] [net.neoforged.fml.loading.FMLServiceProvider/CORE]: Adding [Target[className=net.minecraft.world.level.block.FlowerPotBlock, elementName=, elementDescriptor=, targetType=cpw.mods.modlauncher.api.TargetType@3b9d6699]] transformer from core-mod net.neoforged.neoforge.coremods.NeoForgeCoreMod@1e236278 in neoforge-21.1.216.jar > net.neoforged.neoforge-coremods-21.1.216.jar
[1712月2025 21:46:09.753] [main/DEBUG] [net.neoforged.fml.loading.FMLServiceProvider/CORE]: Adding [Target[className=net/minecraft/world/level/NaturalSpawner, elementName=, elementDescriptor=, targetType=cpw.mods.modlauncher.api.TargetType@3b9d6699], Target[className=net/minecraft/world/entity/ai/village/VillageSiege, elementName=, elementDescriptor=, targetType=cpw.mods.modlauncher.api.TargetType@3b9d6699], Target[className=net/minecraft/server/commands/SummonCommand, elementName=, elementDescriptor=, targetType=cpw.mods.modlauncher.api.TargetType@3b9d6699], Target[className=net/minecraft/world/level/levelgen/PhantomSpawner, elementName=, elementDescriptor=, targetType=cpw.mods.modlauncher.api.TargetType@3b9d6699], Target[className=net/minecraft/world/level/levelgen/structure/structures/WoodlandMansionPieces$WoodlandMansionPiece, elementName=, elementDescriptor=, targetType=cpw.mods.modlauncher.api.TargetType@3b9d6699], Target[className=net/minecraft/world/entity/npc/CatSpawner, elementName=, elementDescriptor=, targetType=cpw.mods.modlauncher.api.TargetType@3b9d6699], Target[className=net/minecraft/world/level/levelgen/PatrolSpawner, elementName=, elementDescriptor=, targetType=cpw.mods.modlauncher.api.TargetType@3b9d6699], Target[className=net/minecraft/world/entity/npc/Villager, elementName=, elementDescriptor=, targetType=cpw.mods.modlauncher.api.TargetType@3b9d6699], Target[className=net/minecraft/world/level/levelgen/structure/templatesystem/StructureTemplate, elementName=, elementDescriptor=, targetType=cpw.mods.modlauncher.api.TargetType@3b9d6699], Target[className=net/minecraft/world/level/levelgen/structure/structures/OceanRuinPieces$OceanRuinPiece, elementName=, elementDescriptor=, targetType=cpw.mods.modlauncher.api.TargetType@3b9d6699], Target[className=net/minecraft/world/level/levelgen/structure/structures/SwampHutPiece, elementName=, elementDescriptor=, targetType=cpw.mods.modlauncher.api.TargetType@3b9d6699], Target[className=net/minecraft/world/entity/animal/frog/Tadpole, elementName=, elementDescriptor=, targetType=cpw.mods.modlauncher.api.TargetType@3b9d6699], Target[className=net/minecraft/world/entity/monster/Evoker$EvokerSummonSpellGoal, elementName=, elementDescriptor=, targetType=cpw.mods.modlauncher.api.TargetType@3b9d6699], Target[className=net/minecraft/world/entity/EntityType, elementName=, elementDescriptor=, targetType=cpw.mods.modlauncher.api.TargetType@3b9d6699], Target[className=net/minecraft/world/entity/monster/Strider, elementName=, elementDescriptor=, targetType=cpw.mods.modlauncher.api.TargetType@3b9d6699], Target[className=net/minecraft/world/entity/animal/horse/SkeletonTrapGoal, elementName=, elementDescriptor=, targetType=cpw.mods.modlauncher.api.TargetType@3b9d6699], Target[className=net/minecraft/server/commands/RaidCommand, elementName=, elementDescriptor=, targetType=cpw.mods.modlauncher.api.TargetType@3b9d6699], Target[className=net/minecraft/world/entity/monster/Zombie, elementName=, elementDescriptor=, targetType=cpw.mods.modlauncher.api.TargetType@3b9d6699], Target[className=net/minecraft/world/entity/monster/ZombieVillager, elementName=, elementDescriptor=, targetType=cpw.mods.modlauncher.api.TargetType@3b9d6699], Target[className=net/minecraft/world/entity/raid/Raid, elementName=, elementDescriptor=, targetType=cpw.mods.modlauncher.api.TargetType@3b9d6699], Target[className=net/minecraft/world/level/levelgen/structure/structures/OceanMonumentPieces$OceanMonumentPiece, elementName=, elementDescriptor=, targetType=cpw.mods.modlauncher.api.TargetType@3b9d6699], Target[className=net/minecraft/world/entity/monster/Spider, elementName=, elementDescriptor=, targetType=cpw.mods.modlauncher.api.TargetType@3b9d6699]] transformer from core-mod net.neoforged.neoforge.coremods.NeoForgeCoreMod@1e236278 in neoforge-21.1.216.jar > net.neoforged.neoforge-coremods-21.1.216.jar
[1712月2025 21:46:09.755] [main/DEBUG] [cpw.mods.modlauncher.TransformStore/MODLAUNCHER]: Adding transformer net.neoforged.coremod.transformer.CoreModClassTransformer@67507df to Target : cpw.mods.modlauncher.api.TargetType@3b9d6699 {Lnet/minecraft/world/entity/player/Player;} {} {V}
[1712月2025 21:46:09.756] [main/DEBUG] [cpw.mods.modlauncher.TransformStore/MODLAUNCHER]: Adding transformer net.neoforged.neoforge.coremods.ReplaceFieldWithGetterAccess@37854b34 to Target : cpw.mods.modlauncher.api.TargetType@3b9d6699 {Lnet/minecraft/world/level/biome/Biome;} {} {V}
[1712月2025 21:46:09.757] [main/DEBUG] [cpw.mods.modlauncher.TransformStore/MODLAUNCHER]: Adding transformer net.neoforged.neoforge.coremods.ReplaceFieldWithGetterAccess@48eb001a to Target : cpw.mods.modlauncher.api.TargetType@3b9d6699 {Lnet/minecraft/world/level/levelgen/structure/Structure;} {} {V}
[1712月2025 21:46:09.757] [main/DEBUG] [cpw.mods.modlauncher.TransformStore/MODLAUNCHER]: Adding transformer net.neoforged.neoforge.coremods.ReplaceFieldWithGetterAccess@34332b8d to Target : cpw.mods.modlauncher.api.TargetType@3b9d6699 {Lnet/minecraft/world/level/block/FlowerPotBlock;} {} {V}
[1712月2025 21:46:09.757] [main/DEBUG] [cpw.mods.modlauncher.TransformStore/MODLAUNCHER]: Adding transformer net.neoforged.neoforge.coremods.MethodRedirector@724b939e to Target : cpw.mods.modlauncher.api.TargetType@3b9d6699 {Lnet/minecraft/world/level/NaturalSpawner;} {} {V}
[1712月2025 21:46:09.757] [main/DEBUG] [cpw.mods.modlauncher.TransformStore/MODLAUNCHER]: Adding transformer net.neoforged.neoforge.coremods.MethodRedirector@724b939e to Target : cpw.mods.modlauncher.api.TargetType@3b9d6699 {Lnet/minecraft/world/entity/ai/village/VillageSiege;} {} {V}
[1712月2025 21:46:09.757] [main/DEBUG] [cpw.mods.modlauncher.TransformStore/MODLAUNCHER]: Adding transformer net.neoforged.neoforge.coremods.MethodRedirector@724b939e to Target : cpw.mods.modlauncher.api.TargetType@3b9d6699 {Lnet/minecraft/server/commands/SummonCommand;} {} {V}
[1712月2025 21:46:09.757] [main/DEBUG] [cpw.mods.modlauncher.TransformStore/MODLAUNCHER]: Adding transformer net.neoforged.neoforge.coremods.MethodRedirector@724b939e to Target : cpw.mods.modlauncher.api.TargetType@3b9d6699 {Lnet/minecraft/world/level/levelgen/PhantomSpawner;} {} {V}
[1712月2025 21:46:09.757] [main/DEBUG] [cpw.mods.modlauncher.TransformStore/MODLAUNCHER]: Adding transformer net.neoforged.neoforge.coremods.MethodRedirector@724b939e to Target : cpw.mods.modlauncher.api.TargetType@3b9d6699 {Lnet/minecraft/world/level/levelgen/structure/structures/WoodlandMansionPieces$WoodlandMansionPiece;} {} {V}
[1712月2025 21:46:09.757] [main/DEBUG] [cpw.mods.modlauncher.TransformStore/MODLAUNCHER]: Adding transformer net.neoforged.neoforge.coremods.MethodRedirector@724b939e to Target : cpw.mods.modlauncher.api.TargetType@3b9d6699 {Lnet/minecraft/world/entity/npc/CatSpawner;} {} {V}
[1712月2025 21:46:09.758] [main/DEBUG] [cpw.mods.modlauncher.TransformStore/MODLAUNCHER]: Adding transformer net.neoforged.neoforge.coremods.MethodRedirector@724b939e to Target : cpw.mods.modlauncher.api.TargetType@3b9d6699 {Lnet/minecraft/world/level/levelgen/PatrolSpawner;} {} {V}
[1712月2025 21:46:09.758] [main/DEBUG] [cpw.mods.modlauncher.TransformStore/MODLAUNCHER]: Adding transformer net.neoforged.neoforge.coremods.MethodRedirector@724b939e to Target : cpw.mods.modlauncher.api.TargetType@3b9d6699 {Lnet/minecraft/world/entity/npc/Villager;} {} {V}
[1712月2025 21:46:09.758] [main/DEBUG] [cpw.mods.modlauncher.TransformStore/MODLAUNCHER]: Adding transformer net.neoforged.neoforge.coremods.MethodRedirector@724b939e to Target : cpw.mods.modlauncher.api.TargetType@3b9d6699 {Lnet/minecraft/world/level/levelgen/structure/templatesystem/StructureTemplate;} {} {V}
[1712月2025 21:46:09.758] [main/DEBUG] [cpw.mods.modlauncher.TransformStore/MODLAUNCHER]: Adding transformer net.neoforged.neoforge.coremods.MethodRedirector@724b939e to Target : cpw.mods.modlauncher.api.TargetType@3b9d6699 {Lnet/minecraft/world/level/levelgen/structure/structures/OceanRuinPieces$OceanRuinPiece;} {} {V}
[1712月2025 21:46:09.758] [main/DEBUG] [cpw.mods.modlauncher.TransformStore/MODLAUNCHER]: Adding transformer net.neoforged.neoforge.coremods.MethodRedirector@724b939e to Target : cpw.mods.modlauncher.api.TargetType@3b9d6699 {Lnet/minecraft/world/level/levelgen/structure/structures/SwampHutPiece;} {} {V}
[1712月2025 21:46:09.758] [main/DEBUG] [cpw.mods.modlauncher.TransformStore/MODLAUNCHER]: Adding transformer net.neoforged.neoforge.coremods.MethodRedirector@724b939e to Target : cpw.mods.modlauncher.api.TargetType@3b9d6699 {Lnet/minecraft/world/entity/animal/frog/Tadpole;} {} {V}
[1712月2025 21:46:09.758] [main/DEBUG] [cpw.mods.modlauncher.TransformStore/MODLAUNCHER]: Adding transformer net.neoforged.neoforge.coremods.MethodRedirector@724b939e to Target : cpw.mods.modlauncher.api.TargetType@3b9d6699 {Lnet/minecraft/world/entity/monster/Evoker$EvokerSummonSpellGoal;} {} {V}
[1712月2025 21:46:09.758] [main/DEBUG] [cpw.mods.modlauncher.TransformStore/MODLAUNCHER]: Adding transformer net.neoforged.neoforge.coremods.MethodRedirector@724b939e to Target : cpw.mods.modlauncher.api.TargetType@3b9d6699 {Lnet/minecraft/world/entity/EntityType;} {} {V}
[1712月2025 21:46:09.758] [main/DEBUG] [cpw.mods.modlauncher.TransformStore/MODLAUNCHER]: Adding transformer net.neoforged.neoforge.coremods.MethodRedirector@724b939e to Target : cpw.mods.modlauncher.api.TargetType@3b9d6699 {Lnet/minecraft/world/entity/monster/Strider;} {} {V}
[1712月2025 21:46:09.759] [main/DEBUG] [cpw.mods.modlauncher.TransformStore/MODLAUNCHER]: Adding transformer net.neoforged.neoforge.coremods.MethodRedirector@724b939e to Target : cpw.mods.modlauncher.api.TargetType@3b9d6699 {Lnet/minecraft/world/entity/animal/horse/SkeletonTrapGoal;} {} {V}
[1712月2025 21:46:09.759] [main/DEBUG] [cpw.mods.modlauncher.TransformStore/MODLAUNCHER]: Adding transformer net.neoforged.neoforge.coremods.MethodRedirector@724b939e to Target : cpw.mods.modlauncher.api.TargetType@3b9d6699 {Lnet/minecraft/server/commands/RaidCommand;} {} {V}
[1712月2025 21:46:09.759] [main/DEBUG] [cpw.mods.modlauncher.TransformStore/MODLAUNCHER]: Adding transformer net.neoforged.neoforge.coremods.MethodRedirector@724b939e to Target : cpw.mods.modlauncher.api.TargetType@3b9d6699 {Lnet/minecraft/world/entity/monster/Zombie;} {} {V}
[1712月2025 21:46:09.759] [main/DEBUG] [cpw.mods.modlauncher.TransformStore/MODLAUNCHER]: Adding transformer net.neoforged.neoforge.coremods.MethodRedirector@724b939e to Target : cpw.mods.modlauncher.api.TargetType@3b9d6699 {Lnet/minecraft/world/entity/monster/ZombieVillager;} {} {V}
[1712月2025 21:46:09.759] [main/DEBUG] [cpw.mods.modlauncher.TransformStore/MODLAUNCHER]: Adding transformer net.neoforged.neoforge.coremods.MethodRedirector@724b939e to Target : cpw.mods.modlauncher.api.TargetType@3b9d6699 {Lnet/minecraft/world/entity/raid/Raid;} {} {V}
[1712月2025 21:46:09.759] [main/DEBUG] [cpw.mods.modlauncher.TransformStore/MODLAUNCHER]: Adding transformer net.neoforged.neoforge.coremods.MethodRedirector@724b939e to Target : cpw.mods.modlauncher.api.TargetType@3b9d6699 {Lnet/minecraft/world/level/levelgen/structure/structures/OceanMonumentPieces$OceanMonumentPiece;} {} {V}
[1712月2025 21:46:09.759] [main/DEBUG] [cpw.mods.modlauncher.TransformStore/MODLAUNCHER]: Adding transformer net.neoforged.neoforge.coremods.MethodRedirector@724b939e to Target : cpw.mods.modlauncher.api.TargetType@3b9d6699 {Lnet/minecraft/world/entity/monster/Spider;} {} {V}
[1712月2025 21:46:09.760] [main/DEBUG] [cpw.mods.modlauncher.TransformationServiceDecorator/MODLAUNCHER]: Initialized transformers for transformation service fml
[1712月2025 21:46:10.633] [main/DEBUG] [mixin/]: Processing prepare() for PlatformAgent[MixinPlatformAgentDefault:ModLauncher Root Container(ModLauncher:4f56a0a2)]
[1712月2025 21:46:10.633] [main/DEBUG] [mixin/]: Processing prepare() for PlatformAgent[MixinPlatformAgentDefault:net.neoforged.fml.loading.mixin.FMLMixinContainerHandle@11b455e5]
[1712月2025 21:46:10.633] [main/DEBUG] [mixin/]: Processing prepare() for PlatformAgent[FMLMixinPlatformAgent:null]
[1712月2025 21:46:10.682] [main/DEBUG] [mixin/]: Compatibility level JAVA_17 specified by administrator_authorization.mixins.json is higher than the maximum level supported by this version of mixin (JAVA_13).
[1712月2025 21:46:10.690] [main/INFO] [mixin/]: Compatibility level set to JAVA_17
[1712月2025 21:46:10.694] [main/DEBUG] [mixin/]: Processing launch tasks for PlatformAgent[MixinPlatformAgentDefault:ModLauncher Root Container(ModLauncher:4f56a0a2)]
[1712月2025 21:46:10.694] [main/DEBUG] [mixin/]: Adding mixin platform agents for container SecureJarResource(mixin_synthetic)
[1712月2025 21:46:10.695] [main/DEBUG] [mixin/]: Instancing new MixinPlatformAgentMinecraftForge for SecureJarResource(mixin_synthetic)
[1712月2025 21:46:10.695] [main/DEBUG] [mixin/]: MixinPlatformAgentMinecraftForge rejected container SecureJarResource(mixin_synthetic)
[1712月2025 21:46:10.695] [main/DEBUG] [mixin/]: Instancing new MixinPlatformAgentDefault for SecureJarResource(mixin_synthetic)
[1712月2025 21:46:10.695] [main/DEBUG] [mixin/]: MixinPlatformAgentDefault accepted container SecureJarResource(mixin_synthetic)
[1712月2025 21:46:10.695] [main/DEBUG] [mixin/]: Instancing new FMLMixinPlatformAgent for SecureJarResource(mixin_synthetic)
[1712月2025 21:46:10.695] [main/DEBUG] [mixin/]: FMLMixinPlatformAgent rejected container SecureJarResource(mixin_synthetic)
[1712月2025 21:46:10.695] [main/DEBUG] [mixin/]: Processing prepare() for PlatformAgent[MixinPlatformAgentDefault:SecureJarResource(mixin_synthetic)]
[1712月2025 21:46:10.695] [main/DEBUG] [mixin/]: Adding mixin platform agents for container SecureJarResource(minecraft)
[1712月2025 21:46:10.696] [main/DEBUG] [mixin/]: Instancing new MixinPlatformAgentMinecraftForge for SecureJarResource(minecraft)
[1712月2025 21:46:10.696] [main/DEBUG] [mixin/]: MixinPlatformAgentMinecraftForge rejected container SecureJarResource(minecraft)
[1712月2025 21:46:10.696] [main/DEBUG] [mixin/]: Instancing new MixinPlatformAgentDefault for SecureJarResource(minecraft)
[1712月2025 21:46:10.696] [main/DEBUG] [mixin/]: MixinPlatformAgentDefault accepted container SecureJarResource(minecraft)
[1712月2025 21:46:10.696] [main/DEBUG] [mixin/]: Instancing new FMLMixinPlatformAgent for SecureJarResource(minecraft)
[1712月2025 21:46:10.696] [main/DEBUG] [mixin/]: FMLMixinPlatformAgent rejected container SecureJarResource(minecraft)
[1712月2025 21:46:10.696] [main/DEBUG] [mixin/]: Processing prepare() for PlatformAgent[MixinPlatformAgentDefault:SecureJarResource(minecraft)]
[1712月2025 21:46:10.696] [main/DEBUG] [mixin/]: Adding mixin platform agents for container SecureJarResource(administrator_authorization)
[1712月2025 21:46:10.697] [main/DEBUG] [mixin/]: Instancing new MixinPlatformAgentMinecraftForge for SecureJarResource(administrator_authorization)
[1712月2025 21:46:10.697] [main/DEBUG] [mixin/]: MixinPlatformAgentMinecraftForge rejected container SecureJarResource(administrator_authorization)
[1712月2025 21:46:10.697] [main/DEBUG] [mixin/]: Instancing new MixinPlatformAgentDefault for SecureJarResource(administrator_authorization)
[1712月2025 21:46:10.697] [main/DEBUG] [mixin/]: MixinPlatformAgentDefault accepted container SecureJarResource(administrator_authorization)
[1712月2025 21:46:10.697] [main/DEBUG] [mixin/]: Instancing new FMLMixinPlatformAgent for SecureJarResource(administrator_authorization)
[1712月2025 21:46:10.697] [main/DEBUG] [mixin/]: FMLMixinPlatformAgent rejected container SecureJarResource(administrator_authorization)
[1712月2025 21:46:10.697] [main/DEBUG] [mixin/]: Processing prepare() for PlatformAgent[MixinPlatformAgentDefault:SecureJarResource(administrator_authorization)]
[1712月2025 21:46:10.697] [main/DEBUG] [mixin/]: Adding mixin platform agents for container SecureJarResource(mixinextras.neoforge)
[1712月2025 21:46:10.698] [main/DEBUG] [mixin/]: Instancing new MixinPlatformAgentMinecraftForge for SecureJarResource(mixinextras.neoforge)
[1712月2025 21:46:10.698] [main/DEBUG] [mixin/]: MixinPlatformAgentMinecraftForge rejected container SecureJarResource(mixinextras.neoforge)
[1712月2025 21:46:10.698] [main/DEBUG] [mixin/]: Instancing new MixinPlatformAgentDefault for SecureJarResource(mixinextras.neoforge)
[1712月2025 21:46:10.698] [main/DEBUG] [mixin/]: MixinPlatformAgentDefault accepted container SecureJarResource(mixinextras.neoforge)
[1712月2025 21:46:10.698] [main/DEBUG] [mixin/]: Instancing new FMLMixinPlatformAgent for SecureJarResource(mixinextras.neoforge)
[1712月2025 21:46:10.698] [main/DEBUG] [mixin/]: FMLMixinPlatformAgent rejected container SecureJarResource(mixinextras.neoforge)
[1712月2025 21:46:10.699] [main/DEBUG] [mixin/]: Processing prepare() for PlatformAgent[MixinPlatformAgentDefault:SecureJarResource(mixinextras.neoforge)]
[1712月2025 21:46:10.699] [main/DEBUG] [mixin/]: Registering mixin config: mixinextras.init.mixins.json source=SecureJarResource(mixinextras.neoforge)
[1712月2025 21:46:10.702] [main/DEBUG] [mixin/]: inject() running with 6 agents
[1712月2025 21:46:10.702] [main/DEBUG] [mixin/]: Processing inject() for PlatformAgent[MixinPlatformAgentDefault:ModLauncher Root Container(ModLauncher:4f56a0a2)]
[1712月2025 21:46:10.702] [main/DEBUG] [mixin/]: Processing inject() for PlatformAgent[MixinPlatformAgentDefault:net.neoforged.fml.loading.mixin.FMLMixinContainerHandle@11b455e5]
[1712月2025 21:46:10.702] [main/DEBUG] [mixin/]: Processing inject() for PlatformAgent[FMLMixinPlatformAgent:null]
[1712月2025 21:46:10.702] [main/DEBUG] [mixin/]: Processing inject() for PlatformAgent[MixinPlatformAgentDefault:SecureJarResource(mixin_synthetic)]
[1712月2025 21:46:10.702] [main/DEBUG] [mixin/]: Processing inject() for PlatformAgent[MixinPlatformAgentDefault:SecureJarResource(minecraft)]
[1712月2025 21:46:10.703] [main/DEBUG] [mixin/]: Processing inject() for PlatformAgent[MixinPlatformAgentDefault:SecureJarResource(administrator_authorization)]
[1712月2025 21:46:10.703] [main/DEBUG] [mixin/]: Processing inject() for PlatformAgent[MixinPlatformAgentDefault:SecureJarResource(mixinextras.neoforge)]
[1712月2025 21:46:10.703] [main/INFO] [cpw.mods.modlauncher.LaunchServiceHandler/MODLAUNCHER]: Launching target 'forgeclientdev' with arguments [--version, 21.1.216, --gameDir, ., --assetsDir, C:\Users\Andy liu\.gradle\caches\neoformruntime\assets, --assetIndex, 17]
[1712月2025 21:46:10.752] [main/DEBUG] [mixin/]: Preparing mixins for MixinEnvironment[DEFAULT]
[1712月2025 21:46:10.753] [main/DEBUG] [mixin/]: Selecting config administrator_authorization.mixins.json
[1712月2025 21:46:10.757] [main/WARN] [mixin/]: Reference map 'mixins.administrator_authorization.refmap.json' for administrator_authorization.mixins.json could not be read. If this is a development environment you can ignore this message
[1712月2025 21:46:10.757] [main/DEBUG] [mixin/]: Selecting config neoforge.mixins.json
[1712月2025 21:46:10.757] [main/DEBUG] [mixin/]: Selecting config mixinextras.init.mixins.json
[1712月2025 21:46:10.807] [main/DEBUG] [MixinExtras|Service/]: com.llamalad7.mixinextras.service.MixinExtrasServiceImpl(version=0.5.0) is taking over from null
[1712月2025 21:46:10.860] [main/DEBUG] [mixin/]: Registering new injector for @Inject with org.spongepowered.asm.mixin.injection.struct.CallbackInjectionInfo
[1712月2025 21:46:10.862] [main/DEBUG] [mixin/]: Registering new injector for @ModifyArg with org.spongepowered.asm.mixin.injection.struct.ModifyArgInjectionInfo
[1712月2025 21:46:10.863] [main/DEBUG] [mixin/]: Registering new injector for @ModifyArgs with org.spongepowered.asm.mixin.injection.struct.ModifyArgsInjectionInfo
[1712月2025 21:46:10.865] [main/DEBUG] [mixin/]: Registering new injector for @Redirect with org.spongepowered.asm.mixin.injection.struct.RedirectInjectionInfo
[1712月2025 21:46:10.866] [main/DEBUG] [mixin/]: Registering new injector for @ModifyVariable with org.spongepowered.asm.mixin.injection.struct.ModifyVariableInjectionInfo
[1712月2025 21:46:10.868] [main/DEBUG] [mixin/]: Registering new injector for @ModifyConstant with org.spongepowered.asm.mixin.injection.struct.ModifyConstantInjectionInfo
[1712月2025 21:46:10.881] [main/DEBUG] [mixin/]: Preparing administrator_authorization.mixins.json (20)
[1712月2025 21:46:11.031] [main/DEBUG] [net.neoforged.coremod.transformer.CoreModBaseTransformer/COREMOD]: Transforming net/minecraft/world/entity/player/Player
[1712月2025 21:46:11.299] [main/DEBUG] [mixin/]: Preparing neoforge.mixins.json (2)
[1712月2025 21:46:11.305] [main/DEBUG] [mixin/]: Preparing mixinextras.init.mixins.json (0)
[1712月2025 21:46:11.335] [main/DEBUG] [mixin/]: Prepared 22 mixins in 0.579 sec (26.3ms avg) (0ms load, 0ms transform, 0ms plugin)
[1712月2025 21:46:11.525] [main/DEBUG] [io.netty.util.internal.logging.InternalLoggerFactory/]: Using SLF4J as the default logging framework
[1712月2025 21:46:11.529] [main/DEBUG] [io.netty.util.ResourceLeakDetector/]: -Dio.netty.leakDetection.level: simple
[1712月2025 21:46:11.530] [main/DEBUG] [io.netty.util.ResourceLeakDetector/]: -Dio.netty.leakDetection.targetRecords: 4
[1712月2025 21:46:11.564] [main/INFO] [MixinExtras|Service/]: Initializing MixinExtras via com.llamalad7.mixinextras.service.MixinExtrasServiceImpl(version=0.5.0).
[1712月2025 21:46:11.565] [main/DEBUG] [mixin/]: Registering new injector for @SugarWrapper with com.llamalad7.mixinextras.sugar.impl.SugarWrapperInjectionInfo
[1712月2025 21:46:11.566] [main/DEBUG] [mixin/]: Registering new injector for @FactoryRedirectWrapper with com.llamalad7.mixinextras.wrapper.factory.FactoryRedirectWrapperInjectionInfo
[1712月2025 21:46:11.567] [main/DEBUG] [mixin/]: Registering new injector for @ExpressionInjectorWrapper with com.llamalad7.mixinextras.expression.impl.wrapper.ExpressionInjectorWrapperInjectionInfo
[1712月2025 21:46:11.582] [main/DEBUG] [mixin/]: Mixing CompoundTagMixin from administrator_authorization.mixins.json into net.minecraft.nbt.CompoundTag
[1712月2025 21:46:11.584] [main/DEBUG] [mixin/]: administrator_authorization.mixins.json:CompoundTagMixin from mod administrator_authorization: Class version 65 required is higher than the class version supported by the current version of Mixin (JAVA_17 supports class version 61)
[1712月2025 21:46:11.590] [main/DEBUG] [mixin/]: Renaming synthetic method lambda$getList$0(Lnet/minecraft/nbt/Tag;)Z to md2dd55f$administrator_authorization$lambda$getList$0$0 in administrator_authorization.mixins.json:CompoundTagMixin from mod administrator_authorization
[1712月2025 21:46:11.656] [main/DEBUG] [mixin/]: administrator_authorization.mixins.json:CompoundTagMixin from mod administrator_authorization->@Inject::getList(Ljava/lang/String;ILorg/spongepowered/asm/mixin/injection/callback/CallbackInfoReturnable;)V does use it's CallbackInfoReturnable
[1712月2025 21:46:11.658] [main/DEBUG] [mixin/]: administrator_authorization.mixins.json:CompoundTagMixin from mod administrator_authorization->@Inject::getList(Ljava/lang/String;ILorg/spongepowered/asm/mixin/injection/callback/CallbackInfoReturnable;)V does use it's CallbackInfoReturnable
[1712月2025 21:46:11.658] [main/DEBUG] [mixin/]: administrator_authorization.mixins.json:CompoundTagMixin from mod administrator_authorization->@Inject::getList(Ljava/lang/String;ILorg/spongepowered/asm/mixin/injection/callback/CallbackInfoReturnable;)V does use it's CallbackInfoReturnable
[1712月2025 21:46:12.807] [main/DEBUG] [oshi.util.FileUtil/]: No oshi.properties file found from ClassLoader cpw.mods.modlauncher.TransformingClassLoader@2a334bac
[1712月2025 21:46:13.309] [Datafixer Bootstrap/INFO] [com.mojang.datafixers.DataFixerBuilder/]: 229 Datafixer optimizations took 539 milliseconds
[1712月2025 21:46:13.370] [main/DEBUG] [oshi.util.FileUtil/]: No oshi.architecture.properties file found from ClassLoader cpw.mods.modlauncher.TransformingClassLoader@2a334bac
[1712月2025 21:46:13.481] [pool-7-thread-1/DEBUG] [mixin/]: Mixing MappedRegistryAccessor from neoforge.mixins.json into net.minecraft.core.MappedRegistry
[1712月2025 21:46:13.483] [pool-7-thread-1/DEBUG] [mixin/]: neoforge.mixins.json:MappedRegistryAccessor from mod neoforge: Class version 65 required is higher than the class version supported by the current version of Mixin (JAVA_17 supports class version 61)
[1712月2025 21:46:13.639] [pool-7-thread-1/DEBUG] [mixin/]: Mixing EntityMixin from administrator_authorization.mixins.json into net.minecraft.world.entity.Entity
[1712月2025 21:46:13.641] [pool-7-thread-1/DEBUG] [mixin/]: administrator_authorization.mixins.json:EntityMixin from mod administrator_authorization: Class version 65 required is higher than the class version supported by the current version of Mixin (JAVA_17 supports class version 61)
[1712月2025 21:46:13.644] [pool-7-thread-1/DEBUG] [mixin/]: Renaming synthetic method lambda$administrator_authorization$setAuthorization$0(Lnet/minecraft/network/syncher/SynchedEntityData$DataItem;)V to md2dd55f$administrator_authorization$lambda$administrator_authorization$setAuthorization$0$0 in administrator_authorization.mixins.json:EntityMixin from mod administrator_authorization
[1712月2025 21:46:13.781] [pool-7-thread-1/DEBUG] [mixin/]: administrator_authorization.mixins.json:EntityMixin from mod administrator_authorization->@Inject::isOnFire(Lorg/spongepowered/asm/mixin/injection/callback/CallbackInfoReturnable;)V does use it's CallbackInfoReturnable
[1712月2025 21:46:13.781] [pool-7-thread-1/DEBUG] [mixin/]: administrator_authorization.mixins.json:EntityMixin from mod administrator_authorization->@Inject::fireImmune(Lorg/spongepowered/asm/mixin/injection/callback/CallbackInfoReturnable;)V does use it's CallbackInfoReturnable
[1712月2025 21:46:13.781] [pool-7-thread-1/DEBUG] [mixin/]: administrator_authorization.mixins.json:EntityMixin from mod administrator_authorization->@Inject::isFreezing(Lorg/spongepowered/asm/mixin/injection/callback/CallbackInfoReturnable;)V does use it's CallbackInfoReturnable
[1712月2025 21:46:13.781] [pool-7-thread-1/DEBUG] [mixin/]: administrator_authorization.mixins.json:EntityMixin from mod administrator_authorization->@Inject::canFreeze(Lorg/spongepowered/asm/mixin/injection/callback/CallbackInfoReturnable;)V does use it's CallbackInfoReturnable
[1712月2025 21:46:13.781] [pool-7-thread-1/DEBUG] [mixin/]: administrator_authorization.mixins.json:EntityMixin from mod administrator_authorization->@Inject::isInvulnerableTo(Lnet/minecraft/world/damagesource/DamageSource;Lorg/spongepowered/asm/mixin/injection/callback/CallbackInfoReturnable;)V does use it's CallbackInfoReturnable
[1712月2025 21:46:13.781] [pool-7-thread-1/DEBUG] [mixin/]: administrator_authorization.mixins.json:EntityMixin from mod administrator_authorization->@Inject::remove(Lnet/minecraft/world/entity/Entity$RemovalReason;Lorg/spongepowered/asm/mixin/injection/callback/CallbackInfo;)V does use it's CallbackInfo
[1712月2025 21:46:13.781] [pool-7-thread-1/DEBUG] [mixin/]: administrator_authorization.mixins.json:EntityMixin from mod administrator_authorization->@Inject::setRemoved(Lnet/minecraft/world/entity/Entity$RemovalReason;Lorg/spongepowered/asm/mixin/injection/callback/CallbackInfo;)V does use it's CallbackInfo
[1712月2025 21:46:13.781] [pool-7-thread-1/DEBUG] [mixin/]: administrator_authorization.mixins.json:EntityMixin from mod administrator_authorization->@Inject::gameEvent(Lnet/minecraft/core/Holder;Lnet/minecraft/world/entity/Entity;Lorg/spongepowered/asm/mixin/injection/callback/CallbackInfo;)V does use it's CallbackInfo
[1712月2025 21:46:13.781] [pool-7-thread-1/DEBUG] [mixin/]: administrator_authorization.mixins.json:EntityMixin from mod administrator_authorization->@Inject::isAlive(Lorg/spongepowered/asm/mixin/injection/callback/CallbackInfoReturnable;)V does use it's CallbackInfoReturnable
[1712月2025 21:46:13.782] [pool-7-thread-1/DEBUG] [mixin/]: administrator_authorization.mixins.json:EntityMixin from mod administrator_authorization->@Inject::tick(Lorg/spongepowered/asm/mixin/injection/callback/CallbackInfo;)V doesn't use it's CallbackInfo
[1712月2025 21:46:13.782] [pool-7-thread-1/DEBUG] [mixin/]: administrator_authorization.mixins.json:EntityMixin from mod administrator_authorization->@Inject::tick(Lorg/spongepowered/asm/mixin/injection/callback/CallbackInfo;)V has 0 override(s) in child classes
[1712月2025 21:46:13.782] [pool-7-thread-1/DEBUG] [mixin/]: administrator_authorization.mixins.json:EntityMixin from mod administrator_authorization->@Inject::tick(Lorg/spongepowered/asm/mixin/injection/callback/CallbackInfo;)V won't be passed a CallbackInfo as a result
[1712月2025 21:46:13.782] [pool-7-thread-1/DEBUG] [mixin/]: administrator_authorization.mixins.json:EntityMixin from mod administrator_authorization->@Inject::saveWithoutId(Lnet/minecraft/nbt/CompoundTag;Lorg/spongepowered/asm/mixin/injection/callback/CallbackInfoReturnable;)V does use it's CallbackInfoReturnable
[1712月2025 21:46:13.811] [pool-7-thread-1/DEBUG] [net.neoforged.coremod.transformer.CoreModBaseTransformer/COREMOD]: Transforming net/minecraft/world/entity/player/Player
[1712月2025 21:46:13.820] [pool-7-thread-1/DEBUG] [mixin/]: Mixing PlayerMixin from administrator_authorization.mixins.json into net.minecraft.world.entity.player.Player
[1712月2025 21:46:13.821] [pool-7-thread-1/DEBUG] [mixin/]: administrator_authorization.mixins.json:PlayerMixin from mod administrator_authorization: Class version 65 required is higher than the class version supported by the current version of Mixin (JAVA_17 supports class version 61)
[1712月2025 21:46:13.869] [pool-7-thread-1/DEBUG] [mixin/]: administrator_authorization.mixins.json:PlayerMixin from mod administrator_authorization->@Inject::hurt(Lnet/minecraft/world/damagesource/DamageSource;FLorg/spongepowered/asm/mixin/injection/callback/CallbackInfoReturnable;)V does use it's CallbackInfoReturnable
[1712月2025 21:46:13.869] [pool-7-thread-1/DEBUG] [mixin/]: administrator_authorization.mixins.json:PlayerMixin from mod administrator_authorization->@Inject::hurtArmor(Lnet/minecraft/world/damagesource/DamageSource;FLorg/spongepowered/asm/mixin/injection/callback/CallbackInfo;)V does use it's CallbackInfo
[1712月2025 21:46:13.870] [pool-7-thread-1/DEBUG] [mixin/]: administrator_authorization.mixins.json:PlayerMixin from mod administrator_authorization->@Inject::disableShield(Lorg/spongepowered/asm/mixin/injection/callback/CallbackInfo;)V does use it's CallbackInfo
[1712月2025 21:46:13.870] [pool-7-thread-1/DEBUG] [mixin/]: administrator_authorization.mixins.json:PlayerMixin from mod administrator_authorization->@Inject::animateHurt(FLorg/spongepowered/asm/mixin/injection/callback/CallbackInfo;)V does use it's CallbackInfo
[1712月2025 21:46:13.870] [pool-7-thread-1/DEBUG] [mixin/]: administrator_authorization.mixins.json:PlayerMixin from mod administrator_authorization->@Inject::actuallyHurt(Lnet/minecraft/world/damagesource/DamageSource;FLorg/spongepowered/asm/mixin/injection/callback/CallbackInfo;)V does use it's CallbackInfo
[1712月2025 21:46:13.870] [pool-7-thread-1/DEBUG] [mixin/]: administrator_authorization.mixins.json:PlayerMixin from mod administrator_authorization->@Inject::isImmobile(Lorg/spongepowered/asm/mixin/injection/callback/CallbackInfoReturnable;)V does use it's CallbackInfoReturnable
[1712月2025 21:46:13.903] [pool-7-thread-1/DEBUG] [mixin/]: Mixing LivingEntityMixin from administrator_authorization.mixins.json into net.minecraft.world.entity.LivingEntity
[1712月2025 21:46:13.906] [pool-7-thread-1/DEBUG] [mixin/]: administrator_authorization.mixins.json:LivingEntityMixin from mod administrator_authorization: Class version 65 required is higher than the class version supported by the current version of Mixin (JAVA_17 supports class version 61)
[1712月2025 21:46:14.078] [pool-7-thread-1/DEBUG] [mixin/]: administrator_authorization.mixins.json:LivingEntityMixin from mod administrator_authorization->@Inject::administrator_authorization$setHealth(FLorg/spongepowered/asm/mixin/injection/callback/CallbackInfo;)V does use it's CallbackInfo
[1712月2025 21:46:14.078] [pool-7-thread-1/DEBUG] [mixin/]: administrator_authorization.mixins.json:LivingEntityMixin from mod administrator_authorization->@Inject::getHealth0(Lorg/spongepowered/asm/mixin/injection/callback/CallbackInfoReturnable;)V does use it's CallbackInfoReturnable
[1712月2025 21:46:14.078] [pool-7-thread-1/DEBUG] [mixin/]: administrator_authorization.mixins.json:LivingEntityMixin from mod administrator_authorization->@Inject::die(Lnet/minecraft/world/damagesource/DamageSource;Lorg/spongepowered/asm/mixin/injection/callback/CallbackInfo;)V does use it's CallbackInfo
[1712月2025 21:46:14.078] [pool-7-thread-1/DEBUG] [mixin/]: administrator_authorization.mixins.json:LivingEntityMixin from mod administrator_authorization->@Inject::blockAI(Lorg/spongepowered/asm/mixin/injection/callback/CallbackInfo;)V does use it's CallbackInfo
[1712月2025 21:46:14.079] [pool-7-thread-1/DEBUG] [mixin/]: administrator_authorization.mixins.json:LivingEntityMixin from mod administrator_authorization->@Inject::isDeadOrDying(Lorg/spongepowered/asm/mixin/injection/callback/CallbackInfoReturnable;)V does use it's CallbackInfoReturnable
[1712月2025 21:46:14.079] [pool-7-thread-1/DEBUG] [mixin/]: administrator_authorization.mixins.json:LivingEntityMixin from mod administrator_authorization->@Inject::tickDeath(Lorg/spongepowered/asm/mixin/injection/callback/CallbackInfo;)V does use it's CallbackInfo
[1712月2025 21:46:14.079] [pool-7-thread-1/DEBUG] [mixin/]: administrator_authorization.mixins.json:LivingEntityMixin from mod administrator_authorization->@Inject::getMaxHealth(Lorg/spongepowered/asm/mixin/injection/callback/CallbackInfoReturnable;)V does use it's CallbackInfoReturnable
[1712月2025 21:46:14.079] [pool-7-thread-1/DEBUG] [mixin/]: administrator_authorization.mixins.json:LivingEntityMixin from mod administrator_authorization->@Inject::handleDamageEvent(Lnet/minecraft/world/damagesource/DamageSource;Lorg/spongepowered/asm/mixin/injection/callback/CallbackInfo;)V does use it's CallbackInfo
[1712月2025 21:46:14.079] [pool-7-thread-1/DEBUG] [mixin/]: administrator_authorization.mixins.json:LivingEntityMixin from mod administrator_authorization->@Inject::handleEntityEvent(BLorg/spongepowered/asm/mixin/injection/callback/CallbackInfo;)V does use it's CallbackInfo
[1712月2025 21:46:14.079] [pool-7-thread-1/DEBUG] [mixin/]: administrator_authorization.mixins.json:LivingEntityMixin from mod administrator_authorization->@Inject::isAlive(Lorg/spongepowered/asm/mixin/injection/callback/CallbackInfoReturnable;)V does use it's CallbackInfoReturnable
[1712月2025 21:46:14.079] [pool-7-thread-1/DEBUG] [mixin/]: administrator_authorization.mixins.json:LivingEntityMixin from mod administrator_authorization->@Inject::tickHead(Lorg/spongepowered/asm/mixin/injection/callback/CallbackInfo;)V does use it's CallbackInfo
[1712月2025 21:46:14.079] [pool-7-thread-1/DEBUG] [mixin/]: administrator_authorization.mixins.json:LivingEntityMixin from mod administrator_authorization->@Inject::tick(Lorg/spongepowered/asm/mixin/injection/callback/CallbackInfo;)V doesn't use it's CallbackInfo
[1712月2025 21:46:14.079] [pool-7-thread-1/DEBUG] [mixin/]: administrator_authorization.mixins.json:LivingEntityMixin from mod administrator_authorization->@Inject::tick(Lorg/spongepowered/asm/mixin/injection/callback/CallbackInfo;)V has 0 override(s) in child classes
[1712月2025 21:46:14.080] [pool-7-thread-1/DEBUG] [mixin/]: administrator_authorization.mixins.json:LivingEntityMixin from mod administrator_authorization->@Inject::tick(Lorg/spongepowered/asm/mixin/injection/callback/CallbackInfo;)V won't be passed a CallbackInfo as a result
[1712月2025 21:46:14.080] [pool-7-thread-1/DEBUG] [mixin/]: administrator_authorization.mixins.json:LivingEntityMixin from mod administrator_authorization->@Inject::isDamageSourceBlocked(Lnet/minecraft/world/damagesource/DamageSource;Lorg/spongepowered/asm/mixin/injection/callback/CallbackInfoReturnable;)V does use it's CallbackInfoReturnable
[1712月2025 21:46:14.080] [pool-7-thread-1/DEBUG] [mixin/]: administrator_authorization.mixins.json:LivingEntityMixin from mod administrator_authorization->@Inject::knockback(DDDLorg/spongepowered/asm/mixin/injection/callback/CallbackInfo;)V does use it's CallbackInfo
[1712月2025 21:46:14.080] [pool-7-thread-1/DEBUG] [mixin/]: administrator_authorization.mixins.json:LivingEntityMixin from mod administrator_authorization->@Inject::getDamageAfterArmorAbsorb(Lnet/minecraft/world/damagesource/DamageSource;FLorg/spongepowered/asm/mixin/injection/callback/CallbackInfoReturnable;)V does use it's CallbackInfoReturnable
[1712月2025 21:46:14.080] [pool-7-thread-1/DEBUG] [mixin/]: administrator_authorization.mixins.json:LivingEntityMixin from mod administrator_authorization->@Inject::getDamageAfterMagicAbsorb(Lnet/minecraft/world/damagesource/DamageSource;FLorg/spongepowered/asm/mixin/injection/callback/CallbackInfoReturnable;)V does use it's CallbackInfoReturnable
[1712月2025 21:46:14.080] [pool-7-thread-1/DEBUG] [mixin/]: administrator_authorization.mixins.json:LivingEntityMixin from mod administrator_authorization->@Inject::getWaterSlowDown(Lorg/spongepowered/asm/mixin/injection/callback/CallbackInfoReturnable;)V does use it's CallbackInfoReturnable
[1712月2025 21:46:14.123] [pool-7-thread-1/DEBUG] [mixin/]: Mixing LevelMixin from administrator_authorization.mixins.json into net.minecraft.world.level.Level
[1712月2025 21:46:14.125] [pool-7-thread-1/DEBUG] [mixin/]: administrator_authorization.mixins.json:LevelMixin from mod administrator_authorization: Class version 65 required is higher than the class version supported by the current version of Mixin (JAVA_17 supports class version 61)
[1712月2025 21:46:14.125] [pool-7-thread-1/DEBUG] [mixin/]: Renaming synthetic method lambda$getEntities$0(Lnet/minecraft/world/entity/Entity;)Z to md2dd55f$administrator_authorization$lambda$getEntities$0$0 in administrator_authorization.mixins.json:LevelMixin from mod administrator_authorization
[1712月2025 21:46:14.140] [pool-7-thread-1/DEBUG] [mixin/]: administrator_authorization.mixins.json:LevelMixin from mod administrator_authorization->@Inject::destroyBlock(Lnet/minecraft/core/BlockPos;ZLnet/minecraft/world/entity/Entity;ILorg/spongepowered/asm/mixin/injection/callback/CallbackInfoReturnable;)V does use it's CallbackInfoReturnable
[1712月2025 21:46:14.141] [pool-7-thread-1/DEBUG] [mixin/]: administrator_authorization.mixins.json:LevelMixin from mod administrator_authorization->@Inject::shouldTickDeath(Lnet/minecraft/world/entity/Entity;Lorg/spongepowered/asm/mixin/injection/callback/CallbackInfoReturnable;)V does use it's CallbackInfoReturnable
[1712月2025 21:46:14.141] [pool-7-thread-1/DEBUG] [mixin/]: administrator_authorization.mixins.json:LevelMixin from mod administrator_authorization->@Inject::getEntities(Lnet/minecraft/world/entity/Entity;Lnet/minecraft/world/phys/AABB;Ljava/util/function/Predicate;Lorg/spongepowered/asm/mixin/injection/callback/CallbackInfoReturnable;)V does use it's CallbackInfoReturnable
[1712月2025 21:46:14.151] [pool-7-thread-1/DEBUG] [mixin/]: Mixing ServerLevelMixin from administrator_authorization.mixins.json into net.minecraft.server.level.ServerLevel
[1712月2025 21:46:14.151] [pool-7-thread-1/DEBUG] [mixin/]: administrator_authorization.mixins.json:ServerLevelMixin from mod administrator_authorization: Class version 65 required is higher than the class version supported by the current version of Mixin (JAVA_17 supports class version 61)
[1712月2025 21:46:14.152] [pool-7-thread-1/DEBUG] [mixin/]: Renaming synthetic method lambda$tick$0(Lnet/minecraft/world/entity/Entity;)V to md2dd55f$administrator_authorization$lambda$tick$0$0 in administrator_authorization.mixins.json:ServerLevelMixin from mod administrator_authorization
[1712月2025 21:46:14.160] [pool-7-thread-1/DEBUG] [mixin/]: administrator_authorization.mixins.json:ServerLevelMixin from mod administrator_authorization->@Inject::tick(Ljava/util/function/BooleanSupplier;Lorg/spongepowered/asm/mixin/injection/callback/CallbackInfo;)V doesn't use it's CallbackInfo
[1712月2025 21:46:14.160] [pool-7-thread-1/DEBUG] [mixin/]: administrator_authorization.mixins.json:ServerLevelMixin from mod administrator_authorization->@Inject::tick(Ljava/util/function/BooleanSupplier;Lorg/spongepowered/asm/mixin/injection/callback/CallbackInfo;)V has 0 override(s) in child classes
[1712月2025 21:46:14.160] [pool-7-thread-1/DEBUG] [mixin/]: administrator_authorization.mixins.json:ServerLevelMixin from mod administrator_authorization->@Inject::tick(Ljava/util/function/BooleanSupplier;Lorg/spongepowered/asm/mixin/injection/callback/CallbackInfo;)V won't be passed a CallbackInfo as a result
[1712月2025 21:46:14.162] [pool-7-thread-1/DEBUG] [mixin/]: administrator_authorization.mixins.json:ServerLevelMixin from mod administrator_authorization->@Inject::broadcastEntityEvent(Lnet/minecraft/world/entity/Entity;BLorg/spongepowered/asm/mixin/injection/callback/CallbackInfo;)V does use it's CallbackInfo
[1712月2025 21:46:14.162] [pool-7-thread-1/DEBUG] [mixin/]: administrator_authorization.mixins.json:ServerLevelMixin from mod administrator_authorization->@Inject::broadcastDamageEvent(Lnet/minecraft/world/entity/Entity;Lnet/minecraft/world/damagesource/DamageSource;Lorg/spongepowered/asm/mixin/injection/callback/CallbackInfo;)V does use it's CallbackInfo
[1712月2025 21:46:15.504] [pool-7-thread-1/DEBUG] [mixin/]: Mixing BlockEntityTypeAccessor from neoforge.mixins.json into net.minecraft.world.level.block.entity.BlockEntityType
[1712月2025 21:46:15.505] [pool-7-thread-1/DEBUG] [mixin/]: neoforge.mixins.json:BlockEntityTypeAccessor from mod neoforge: Class version 65 required is higher than the class version supported by the current version of Mixin (JAVA_17 supports class version 61)
[1712月2025 21:46:16.356] [pool-7-thread-1/DEBUG] [mixin/]: Mixing ServerPlayerMixin from administrator_authorization.mixins.json into net.minecraft.server.level.ServerPlayer
[1712月2025 21:46:16.357] [pool-7-thread-1/DEBUG] [mixin/]: administrator_authorization.mixins.json:ServerPlayerMixin from mod administrator_authorization: Class version 65 required is higher than the class version supported by the current version of Mixin (JAVA_17 supports class version 61)
[1712月2025 21:46:16.361] [pool-7-thread-1/DEBUG] [mixin/]: administrator_authorization.mixins.json:ServerPlayerMixin from mod administrator_authorization->@Inject::die(Lnet/minecraft/world/damagesource/DamageSource;Lorg/spongepowered/asm/mixin/injection/callback/CallbackInfo;)V does use it's CallbackInfo
[1712月2025 21:46:16.361] [pool-7-thread-1/DEBUG] [mixin/]: administrator_authorization.mixins.json:ServerPlayerMixin from mod administrator_authorization->@Inject::hurt(Lnet/minecraft/world/damagesource/DamageSource;FLorg/spongepowered/asm/mixin/injection/callback/CallbackInfoReturnable;)V does use it's CallbackInfoReturnable
[1712月2025 21:46:16.361] [pool-7-thread-1/DEBUG] [mixin/]: administrator_authorization.mixins.json:ServerPlayerMixin from mod administrator_authorization->@Inject::indicateDamage(DDLorg/spongepowered/asm/mixin/injection/callback/CallbackInfo;)V does use it's CallbackInfo
[1712月2025 21:46:16.361] [pool-7-thread-1/DEBUG] [mixin/]: administrator_authorization.mixins.json:ServerPlayerMixin from mod administrator_authorization->@Inject::isInvulnerableTo(Lnet/minecraft/world/damagesource/DamageSource;Lorg/spongepowered/asm/mixin/injection/callback/CallbackInfoReturnable;)V does use it's CallbackInfoReturnable
[1712月2025 21:46:16.974] [pool-7-thread-1/DEBUG] [io.netty.util.internal.PlatformDependent0/]: -Dio.netty.noUnsafe: false
[1712月2025 21:46:16.974] [pool-7-thread-1/DEBUG] [io.netty.util.internal.PlatformDependent0/]: Java version: 21
[1712月2025 21:46:16.975] [pool-7-thread-1/DEBUG] [io.netty.util.internal.PlatformDependent0/]: sun.misc.Unsafe.theUnsafe: available
[1712月2025 21:46:16.976] [pool-7-thread-1/DEBUG] [io.netty.util.internal.PlatformDependent0/]: sun.misc.Unsafe.copyMemory: available
[1712月2025 21:46:16.976] [pool-7-thread-1/DEBUG] [io.netty.util.internal.PlatformDependent0/]: sun.misc.Unsafe.storeFence: available
[1712月2025 21:46:16.977] [pool-7-thread-1/DEBUG] [io.netty.util.internal.PlatformDependent0/]: java.nio.Buffer.address: available
[1712月2025 21:46:16.977] [pool-7-thread-1/DEBUG] [io.netty.util.internal.PlatformDependent0/]: direct buffer constructor: unavailable: Reflective setAccessible(true) disabled
[1712月2025 21:46:16.978] [pool-7-thread-1/DEBUG] [io.netty.util.internal.PlatformDependent0/]: java.nio.Bits.unaligned: available, true
[1712月2025 21:46:16.980] [pool-7-thread-1/DEBUG] [io.netty.util.internal.PlatformDependent0/]: jdk.internal.misc.Unsafe.allocateUninitializedArray(int): unavailable: class io.netty.util.internal.PlatformDependent0$7 (in module io.netty.common) cannot access class jdk.internal.misc.Unsafe (in module java.base) because module java.base does not export jdk.internal.misc to module io.netty.common
[1712月2025 21:46:16.981] [pool-7-thread-1/DEBUG] [io.netty.util.internal.PlatformDependent0/]: java.nio.DirectByteBuffer.<init>(long, {int,long}): unavailable
[1712月2025 21:46:16.981] [pool-7-thread-1/DEBUG] [io.netty.util.internal.PlatformDependent/]: sun.misc.Unsafe: available
[1712月2025 21:46:16.982] [pool-7-thread-1/DEBUG] [io.netty.util.internal.PlatformDependent/]: maxDirectMemory: 4099932160 bytes (maybe)
[1712月2025 21:46:16.982] [pool-7-thread-1/DEBUG] [io.netty.util.internal.PlatformDependent/]: -Dio.netty.tmpdir: C:\Users\ANDYLI~1\AppData\Local\Temp (java.io.tmpdir)
[1712月2025 21:46:16.982] [pool-7-thread-1/DEBUG] [io.netty.util.internal.PlatformDependent/]: -Dio.netty.bitMode: 64 (sun.arch.data.model)
[1712月2025 21:46:16.982] [pool-7-thread-1/DEBUG] [io.netty.util.internal.PlatformDependent/]: Platform: Windows
[1712月2025 21:46:16.983] [pool-7-thread-1/DEBUG] [io.netty.util.internal.PlatformDependent/]: -Dio.netty.maxDirectMemory: -1 bytes
[1712月2025 21:46:16.983] [pool-7-thread-1/DEBUG] [io.netty.util.internal.PlatformDependent/]: -Dio.netty.uninitializedArrayAllocationThreshold: -1
[1712月2025 21:46:16.985] [pool-7-thread-1/DEBUG] [io.netty.util.internal.CleanerJava9/]: java.nio.ByteBuffer.cleaner(): available
[1712月2025 21:46:16.985] [pool-7-thread-1/DEBUG] [io.netty.util.internal.PlatformDependent/]: -Dio.netty.noPreferDirect: false
[1712月2025 21:46:17.199] [pool-7-thread-1/DEBUG] [mixin/]: Mixing CommonHooksMixin from administrator_authorization.mixins.json into net.neoforged.neoforge.common.CommonHooks
[1712月2025 21:46:17.200] [pool-7-thread-1/DEBUG] [mixin/]: administrator_authorization.mixins.json:CommonHooksMixin from mod administrator_authorization: Class version 65 required is higher than the class version supported by the current version of Mixin (JAVA_17 supports class version 61)
[1712月2025 21:46:17.204] [pool-7-thread-1/DEBUG] [mixin/]: administrator_authorization.mixins.json:CommonHooksMixin from mod administrator_authorization->@Inject::onLivingDeath(Lnet/minecraft/world/entity/LivingEntity;Lnet/minecraft/world/damagesource/DamageSource;Lorg/spongepowered/asm/mixin/injection/callback/CallbackInfoReturnable;)V does use it's CallbackInfoReturnable
[1712月2025 21:46:17.205] [pool-7-thread-1/DEBUG] [mixin/]: administrator_authorization.mixins.json:CommonHooksMixin from mod administrator_authorization->@Inject::isEntityInvulnerableTo(Lnet/minecraft/world/entity/Entity;Lnet/minecraft/world/damagesource/DamageSource;ZLorg/spongepowered/asm/mixin/injection/callback/CallbackInfoReturnable;)V does use it's CallbackInfoReturnable
[1712月2025 21:46:17.205] [pool-7-thread-1/DEBUG] [mixin/]: administrator_authorization.mixins.json:CommonHooksMixin from mod administrator_authorization->@Inject::onLivingDamage(Lnet/minecraft/world/entity/LivingEntity;Lnet/neoforged/neoforge/common/damagesource/DamageContainer;Lorg/spongepowered/asm/mixin/injection/callback/CallbackInfoReturnable;)V does use it's CallbackInfoReturnable
[1712月2025 21:46:17.205] [pool-7-thread-1/DEBUG] [mixin/]: administrator_authorization.mixins.json:CommonHooksMixin from mod administrator_authorization->@Inject::onLivingKnockBack(Lnet/minecraft/world/entity/LivingEntity;FDDLorg/spongepowered/asm/mixin/injection/callback/CallbackInfoReturnable;)V does use it's CallbackInfoReturnable
[1712月2025 21:46:17.709] [pool-7-thread-1/DEBUG] [mixin/]: Mixing SynchedEntityDataMixin from administrator_authorization.mixins.json into net.minecraft.network.syncher.SynchedEntityData
[1712月2025 21:46:17.710] [pool-7-thread-1/DEBUG] [mixin/]: administrator_authorization.mixins.json:SynchedEntityDataMixin from mod administrator_authorization: Class version 65 required is higher than the class version supported by the current version of Mixin (JAVA_17 supports class version 61)
[1712月2025 21:46:17.715] [pool-7-thread-1/DEBUG] [mixin/]: administrator_authorization.mixins.json:SynchedEntityDataMixin from mod administrator_authorization->@Inject::set(Lnet/minecraft/network/syncher/EntityDataAccessor;Ljava/lang/Object;ZLorg/spongepowered/asm/mixin/injection/callback/CallbackInfo;)V does use it's CallbackInfo
[1712月2025 21:46:17.716] [pool-7-thread-1/DEBUG] [mixin/]: administrator_authorization.mixins.json:SynchedEntityDataMixin from mod administrator_authorization->@Inject::get(Lnet/minecraft/network/syncher/EntityDataAccessor;Lorg/spongepowered/asm/mixin/injection/callback/CallbackInfoReturnable;)V does use it's CallbackInfoReturnable
[1712月2025 21:46:17.721] [pool-7-thread-1/DEBUG] [mixin/]: Mixing EntityDataAccessorsMixin from administrator_authorization.mixins.json into net.minecraft.network.syncher.EntityDataAccessor
[1712月2025 21:46:17.721] [pool-7-thread-1/DEBUG] [mixin/]: administrator_authorization.mixins.json:EntityDataAccessorsMixin from mod administrator_authorization: Class version 65 required is higher than the class version supported by the current version of Mixin (JAVA_17 supports class version 61)
[1712月2025 21:46:17.731] [pool-7-thread-1/DEBUG] [mixin/]: administrator_authorization.mixins.json:EntityDataAccessorsMixin from mod administrator_authorization->@Inject::init(ILnet/minecraft/network/syncher/EntityDataSerializer;Lorg/spongepowered/asm/mixin/injection/callback/CallbackInfo;)V doesn't use it's CallbackInfo
[1712月2025 21:46:19.932] [main/DEBUG] [mixin/]: Mixing EntityDataAccessorMixin from administrator_authorization.mixins.json into net.minecraft.server.commands.data.EntityDataAccessor
[1712月2025 21:46:19.932] [main/DEBUG] [mixin/]: administrator_authorization.mixins.json:EntityDataAccessorMixin from mod administrator_authorization: Class version 65 required is higher than the class version supported by the current version of Mixin (JAVA_17 supports class version 61)
[1712月2025 21:46:19.935] [main/DEBUG] [mixin/]: administrator_authorization.mixins.json:EntityDataAccessorMixin from mod administrator_authorization->@Inject::init(Lnet/minecraft/world/entity/Entity;Lorg/spongepowered/asm/mixin/injection/callback/CallbackInfo;)V doesn't use it's CallbackInfo
[1712月2025 21:46:19.935] [main/DEBUG] [mixin/]: administrator_authorization.mixins.json:EntityDataAccessorMixin from mod administrator_authorization->@Inject::init(Lnet/minecraft/world/entity/Entity;Lorg/spongepowered/asm/mixin/injection/callback/CallbackInfo;)V has 0 override(s) in child classes
[1712月2025 21:46:19.935] [main/DEBUG] [mixin/]: administrator_authorization.mixins.json:EntityDataAccessorMixin from mod administrator_authorization->@Inject::init(Lnet/minecraft/world/entity/Entity;Lorg/spongepowered/asm/mixin/injection/callback/CallbackInfo;)V won't be passed a CallbackInfo as a result
[1712月2025 21:46:19.935] [main/DEBUG] [mixin/]: administrator_authorization.mixins.json:EntityDataAccessorMixin from mod administrator_authorization->@Inject::getData(Lorg/spongepowered/asm/mixin/injection/callback/CallbackInfoReturnable;)V does use it's CallbackInfoReturnable
[1712月2025 21:46:20.328] [main/WARN] [net.minecraft.commands.Commands/]: Ambiguity between arguments [teleport, location] and [teleport, destination] with inputs: [0.1 -0.5 .9, 0 0 0]
[1712月2025 21:46:20.331] [main/WARN] [net.minecraft.commands.Commands/]: Ambiguity between arguments [teleport, location] and [teleport, targets] with inputs: [0.1 -0.5 .9, 0 0 0]
[1712月2025 21:46:20.335] [main/WARN] [net.minecraft.commands.Commands/]: Ambiguity between arguments [teleport, destination] and [teleport, targets] with inputs: [Player, 0123, @e, dd12be42-52a9-4a91-a8a1-11c01849e498]
[1712月2025 21:46:20.337] [main/WARN] [net.minecraft.commands.Commands/]: Ambiguity between arguments [teleport, targets] and [teleport, destination] with inputs: [Player, 0123, dd12be42-52a9-4a91-a8a1-11c01849e498]
[1712月2025 21:46:20.339] [main/WARN] [net.minecraft.commands.Commands/]: Ambiguity between arguments [teleport, targets, location] and [teleport, targets, destination] with inputs: [0.1 -0.5 .9, 0 0 0]
[1712月2025 21:46:20.387] [Render thread/DEBUG] [mixin/]: Mixing ClientLevelMixin from administrator_authorization.mixins.json into net.minecraft.client.multiplayer.ClientLevel
[1712月2025 21:46:20.387] [Render thread/DEBUG] [mixin/]: administrator_authorization.mixins.json:ClientLevelMixin from mod administrator_authorization: Class version 65 required is higher than the class version supported by the current version of Mixin (JAVA_17 supports class version 61)
[1712月2025 21:46:20.387] [Render thread/DEBUG] [mixin/]: Renaming synthetic method lambda$tick$0(Lnet/minecraft/world/entity/Entity;)V to md2dd55f$administrator_authorization$lambda$tick$0$0 in administrator_authorization.mixins.json:ClientLevelMixin from mod administrator_authorization
[1712月2025 21:46:20.391] [Render thread/DEBUG] [mixin/]: administrator_authorization.mixins.json:ClientLevelMixin from mod administrator_authorization->@Inject::tick(Lorg/spongepowered/asm/mixin/injection/callback/CallbackInfo;)V doesn't use it's CallbackInfo
[1712月2025 21:46:20.391] [Render thread/DEBUG] [mixin/]: administrator_authorization.mixins.json:ClientLevelMixin from mod administrator_authorization->@Inject::tick(Lorg/spongepowered/asm/mixin/injection/callback/CallbackInfo;)V has 0 override(s) in child classes
[1712月2025 21:46:20.391] [Render thread/DEBUG] [mixin/]: administrator_authorization.mixins.json:ClientLevelMixin from mod administrator_authorization->@Inject::tick(Lorg/spongepowered/asm/mixin/injection/callback/CallbackInfo;)V won't be passed a CallbackInfo as a result
[1712月2025 21:46:20.406] [Render thread/DEBUG] [mixin/]: Mixing LocalPlayerMixin from administrator_authorization.mixins.json into net.minecraft.client.player.LocalPlayer
[1712月2025 21:46:20.407] [Render thread/DEBUG] [mixin/]: administrator_authorization.mixins.json:LocalPlayerMixin from mod administrator_authorization: Class version 65 required is higher than the class version supported by the current version of Mixin (JAVA_17 supports class version 61)
[1712月2025 21:46:20.425] [Render thread/DEBUG] [mixin/]: administrator_authorization.mixins.json:LocalPlayerMixin from mod administrator_authorization->@Inject::tickDeath(Lorg/spongepowered/asm/mixin/injection/callback/CallbackInfo;)V does use it's CallbackInfo
[1712月2025 21:46:20.425] [Render thread/DEBUG] [mixin/]: administrator_authorization.mixins.json:LocalPlayerMixin from mod administrator_authorization->@Inject::hurt(Lnet/minecraft/world/damagesource/DamageSource;FLorg/spongepowered/asm/mixin/injection/callback/CallbackInfoReturnable;)V does use it's CallbackInfoReturnable
[1712月2025 21:46:20.425] [Render thread/DEBUG] [mixin/]: administrator_authorization.mixins.json:LocalPlayerMixin from mod administrator_authorization->@Inject::setShowDeathScreen(Lorg/spongepowered/asm/mixin/injection/callback/CallbackInfo;)V does use it's CallbackInfo
[1712月2025 21:46:20.425] [Render thread/DEBUG] [mixin/]: administrator_authorization.mixins.json:LocalPlayerMixin from mod administrator_authorization->@Inject::shouldShowDeathScreen(Lorg/spongepowered/asm/mixin/injection/callback/CallbackInfoReturnable;)V does use it's CallbackInfoReturnable
[1712月2025 21:46:20.425] [Render thread/DEBUG] [mixin/]: administrator_authorization.mixins.json:LocalPlayerMixin from mod administrator_authorization->@Inject::hurt(FLorg/spongepowered/asm/mixin/injection/callback/CallbackInfo;)V does use it's CallbackInfo
[1712月2025 21:46:20.425] [Render thread/DEBUG] [mixin/]: administrator_authorization.mixins.json:LocalPlayerMixin from mod administrator_authorization->@Inject::actuallyHurt(Lnet/minecraft/world/damagesource/DamageSource;FLorg/spongepowered/asm/mixin/injection/callback/CallbackInfo;)V does use it's CallbackInfo
[1712月2025 21:46:20.425] [Render thread/DEBUG] [mixin/]: administrator_authorization.mixins.json:LocalPlayerMixin from mod administrator_authorization->@Inject::respawn(Lorg/spongepowered/asm/mixin/injection/callback/CallbackInfo;)V does use it's CallbackInfo
[1712月2025 21:46:20.579] [Render thread/WARN] [net.minecraft.server.packs.VanillaPackResourcesBuilder/]: Assets URL 'union:/C:/Users/Andy%20liu/IdeaProjects/administrator_authorization/build/moddev/artifacts/neoforge-21.1.216.jar%23189!/assets/.mcassetsroot' uses unexpected schema
[1712月2025 21:46:20.580] [Render thread/WARN] [net.minecraft.server.packs.VanillaPackResourcesBuilder/]: Assets URL 'union:/C:/Users/Andy%20liu/IdeaProjects/administrator_authorization/build/moddev/artifacts/neoforge-21.1.216.jar%23189!/data/.mcassetsroot' uses unexpected schema
[1712月2025 21:46:20.640] [Render thread/INFO] [com.mojang.authlib.yggdrasil.YggdrasilAuthenticationService/]: Environment: Environment[sessionHost=https://sessionserver.mojang.com, servicesHost=https://api.minecraftservices.com, name=PROD]
[1712月2025 21:46:20.661] [Render thread/INFO] [net.minecraft.client.Minecraft/]: Setting user: Dev
[1712月2025 21:46:20.809] [Render thread/INFO] [net.minecraft.client.Minecraft/]: Backend library: LWJGL version 3.3.3+5
[1712月2025 21:46:21.122] [Render thread/DEBUG] [net.neoforged.fml.ModWorkManager/LOADING]: Using 12 threads for parallel mod-loading
[1712月2025 21:46:21.166] [Render thread/DEBUG] [net.neoforged.fml.javafmlmod.FMLModContainer/LOADING]: Creating FMLModContainer instance for [net.mcreator.administratorauthorization.AdministratorAuthorizationMod]
[1712月2025 21:46:21.172] [Render thread/DEBUG] [net.neoforged.fml.javafmlmod.FMLModContainer/LOADING]: Creating FMLModContainer instance for [net.neoforged.neoforge.common.NeoForgeMod, net.neoforged.neoforge.client.ClientNeoForgeMod]
[1712月2025 21:46:21.225] [modloading-worker-0/DEBUG] [net.neoforged.neoforge.internal.versions.neoforge.NeoForgeVersion/CORE]: Found NeoForge version 21.1.216
[1712月2025 21:46:21.226] [modloading-worker-0/DEBUG] [net.neoforged.neoforge.internal.versions.neoforge.NeoForgeVersion/CORE]: Found FML version 4.0.42
[1712月2025 21:46:21.226] [modloading-worker-0/INFO] [net.neoforged.neoforge.common.NeoForgeMod/NEOFORGE-MOD]: NeoForge mod loading, version 21.1.216, for MC 1.21.1
[1712月2025 21:46:21.226] [modloading-worker-0/DEBUG] [net.neoforged.fml.javafmlmod.AutomaticEventSubscriber/LOADING]: Attempting to inject @EventBusSubscriber classes into the eventbus for administrator_authorization
[1712月2025 21:46:21.228] [modloading-worker-0/DEBUG] [net.neoforged.fml.javafmlmod.AutomaticEventSubscriber/LOADING]: Scanning class net.mcreator.administratorauthorization.client.screens.RouterScreenOverlay for @SubscribeEvent-annotated methods
[1712月2025 21:46:21.233] [modloading-worker-0/DEBUG] [net.neoforged.fml.javafmlmod.AutomaticEventSubscriber/]: Subscribing @EventBusSubscriber class Lnet/mcreator/administratorauthorization/client/screens/RouterScreenOverlay; to the game event bus
[1712月2025 21:46:21.239] [modloading-worker-0/DEBUG] [net.neoforged.fml.javafmlmod.AutomaticEventSubscriber/LOADING]: Scanning class net.mcreator.administratorauthorization.EventTrackers.AttachmentHandler for @SubscribeEvent-annotated methods
[1712月2025 21:46:21.240] [modloading-worker-0/DEBUG] [net.neoforged.fml.javafmlmod.AutomaticEventSubscriber/]: Subscribing @EventBusSubscriber class Lnet/mcreator/administratorauthorization/EventTrackers/AttachmentHandler; to the game event bus
[1712月2025 21:46:21.241] [modloading-worker-0/DEBUG] [net.neoforged.fml.javafmlmod.AutomaticEventSubscriber/LOADING]: Scanning class net.mcreator.administratorauthorization.EventTrackers.beneficialEvent for @SubscribeEvent-annotated methods
[1712月2025 21:46:21.242] [modloading-worker-0/DEBUG] [net.neoforged.fml.javafmlmod.AutomaticEventSubscriber/]: Subscribing @EventBusSubscriber class Lnet/mcreator/administratorauthorization/EventTrackers/beneficialEvent; to the game event bus
[1712月2025 21:46:21.242] [modloading-worker-0/DEBUG] [net.neoforged.fml.javafmlmod.AutomaticEventSubscriber/LOADING]: Scanning class net.mcreator.administratorauthorization.EventTrackers.entityTickEvent for @SubscribeEvent-annotated methods
[1712月2025 21:46:21.245] [modloading-worker-0/DEBUG] [net.neoforged.fml.javafmlmod.AutomaticEventSubscriber/]: Subscribing @EventBusSubscriber class Lnet/mcreator/administratorauthorization/EventTrackers/entityTickEvent; to the game event bus
[1712月2025 21:46:21.246] [modloading-worker-0/DEBUG] [net.neoforged.fml.javafmlmod.AutomaticEventSubscriber/LOADING]: Scanning class net.mcreator.administratorauthorization.EventTrackers.harmfulEvent for @SubscribeEvent-annotated methods
[1712月2025 21:46:21.248] [modloading-worker-0/DEBUG] [net.neoforged.fml.javafmlmod.AutomaticEventSubscriber/]: Subscribing @EventBusSubscriber class Lnet/mcreator/administratorauthorization/EventTrackers/harmfulEvent; to the game event bus
[1712月2025 21:46:21.250] [modloading-worker-0/DEBUG] [net.neoforged.fml.javafmlmod.AutomaticEventSubscriber/LOADING]: Scanning class net.mcreator.administratorauthorization.EventTrackers.InteractEvent for @SubscribeEvent-annotated methods
[1712月2025 21:46:21.252] [modloading-worker-0/DEBUG] [net.neoforged.fml.javafmlmod.AutomaticEventSubscriber/]: Subscribing @EventBusSubscriber class Lnet/mcreator/administratorauthorization/EventTrackers/InteractEvent; to the game event bus
[1712月2025 21:46:21.253] [modloading-worker-0/DEBUG] [net.neoforged.fml.javafmlmod.AutomaticEventSubscriber/LOADING]: Scanning class net.mcreator.administratorauthorization.EventTrackers.playerShift for @SubscribeEvent-annotated methods
[1712月2025 21:46:21.255] [modloading-worker-0/DEBUG] [net.neoforged.fml.javafmlmod.AutomaticEventSubscriber/]: Subscribing @EventBusSubscriber class Lnet/mcreator/administratorauthorization/EventTrackers/playerShift; to the game event bus
[1712月2025 21:46:21.256] [modloading-worker-0/DEBUG] [net.neoforged.fml.javafmlmod.AutomaticEventSubscriber/LOADING]: Scanning class net.mcreator.administratorauthorization.EventTrackers.RegisterMessage for @SubscribeEvent-annotated methods
[1712月2025 21:46:21.257] [modloading-worker-0/DEBUG] [net.neoforged.fml.javafmlmod.AutomaticEventSubscriber/]: Subscribing @EventBusSubscriber class Lnet/mcreator/administratorauthorization/EventTrackers/RegisterMessage; to the mod event bus of mod administrator_authorization
[1712月2025 21:46:21.258] [modloading-worker-0/DEBUG] [net.neoforged.fml.javafmlmod.AutomaticEventSubscriber/LOADING]: Scanning class net.mcreator.administratorauthorization.EventTrackers.serverTickEvent for @SubscribeEvent-annotated methods
[1712月2025 21:46:21.260] [modloading-worker-0/DEBUG] [net.neoforged.fml.javafmlmod.AutomaticEventSubscriber/]: Subscribing @EventBusSubscriber class Lnet/mcreator/administratorauthorization/EventTrackers/serverTickEvent; to the game event bus
[1712月2025 21:46:21.260] [modloading-worker-0/DEBUG] [net.neoforged.fml.javafmlmod.AutomaticEventSubscriber/LOADING]: Scanning class net.mcreator.administratorauthorization.init.AdministratorAuthorizationModConfigs for @SubscribeEvent-annotated methods
[1712月2025 21:46:21.261] [modloading-worker-0/DEBUG] [net.neoforged.fml.javafmlmod.AutomaticEventSubscriber/]: Subscribing @EventBusSubscriber class Lnet/mcreator/administratorauthorization/init/AdministratorAuthorizationModConfigs; to the mod event bus of mod administrator_authorization
[1712月2025 21:46:21.262] [modloading-worker-0/DEBUG] [net.neoforged.fml.javafmlmod.AutomaticEventSubscriber/LOADING]: Scanning class net.mcreator.administratorauthorization.init.AdministratorAuthorizationModKeyMappings$KeyEventListener for @SubscribeEvent-annotated methods
[1712月2025 21:46:21.264] [modloading-worker-0/DEBUG] [net.neoforged.fml.javafmlmod.AutomaticEventSubscriber/]: Subscribing @EventBusSubscriber class Lnet/mcreator/administratorauthorization/init/AdministratorAuthorizationModKeyMappings$KeyEventListener; to the game event bus
[1712月2025 21:46:21.264] [modloading-worker-0/DEBUG] [net.neoforged.fml.config.ConfigTracker/CONFIG]: Config file neoforge-client.toml for neoforge tracking
[1712月2025 21:46:21.264] [modloading-worker-0/DEBUG] [net.neoforged.fml.config.ConfigTracker/CONFIG]: Config file neoforge-server.toml for neoforge tracking
[1712月2025 21:46:21.265] [modloading-worker-0/DEBUG] [net.neoforged.fml.config.ConfigTracker/CONFIG]: Config file neoforge-common.toml for neoforge tracking
[1712月2025 21:46:21.265] [modloading-worker-0/DEBUG] [net.neoforged.fml.javafmlmod.AutomaticEventSubscriber/LOADING]: Scanning class net.mcreator.administratorauthorization.init.AdministratorAuthorizationModKeyMappings for @SubscribeEvent-annotated methods
[1712月2025 21:46:21.270] [modloading-worker-0/DEBUG] [net.neoforged.fml.javafmlmod.AutomaticEventSubscriber/]: Subscribing @EventBusSubscriber class Lnet/mcreator/administratorauthorization/init/AdministratorAuthorizationModKeyMappings; to the mod event bus of mod administrator_authorization
[1712月2025 21:46:21.270] [modloading-worker-0/DEBUG] [net.neoforged.fml.javafmlmod.AutomaticEventSubscriber/LOADING]: Scanning class net.mcreator.administratorauthorization.world.dimension.AntiVoidDimension$AntiVoidSpecialEffectsHandler for @SubscribeEvent-annotated methods
[1712月2025 21:46:21.275] [modloading-worker-0/DEBUG] [net.neoforged.fml.javafmlmod.AutomaticEventSubscriber/]: Subscribing @EventBusSubscriber class Lnet/mcreator/administratorauthorization/world/dimension/AntiVoidDimension$AntiVoidSpecialEffectsHandler; to the mod event bus of mod administrator_authorization
[1712月2025 21:46:21.345] [modloading-worker-0/DEBUG] [net.neoforged.fml.javafmlmod.AutomaticEventSubscriber/LOADING]: Attempting to inject @EventBusSubscriber classes into the eventbus for neoforge
[1712月2025 21:46:21.346] [modloading-worker-0/DEBUG] [net.neoforged.fml.javafmlmod.AutomaticEventSubscriber/LOADING]: Scanning class net.neoforged.neoforge.server.command.ConfigCommand for @SubscribeEvent-annotated methods
[1712月2025 21:46:21.346] [modloading-worker-0/DEBUG] [net.neoforged.fml.javafmlmod.AutomaticEventSubscriber/]: Subscribing @EventBusSubscriber class Lnet/neoforged/neoforge/server/command/ConfigCommand; to the game event bus
[1712月2025 21:46:21.346] [modloading-worker-0/DEBUG] [net.neoforged.fml.javafmlmod.AutomaticEventSubscriber/LOADING]: Scanning class net.neoforged.neoforge.network.filters.GenericPacketSplitter for @SubscribeEvent-annotated methods
[1712月2025 21:46:21.380] [modloading-worker-0/DEBUG] [io.netty.buffer.AbstractByteBuf/]: -Dio.netty.buffer.checkAccessible: true
[1712月2025 21:46:21.380] [modloading-worker-0/DEBUG] [io.netty.buffer.AbstractByteBuf/]: -Dio.netty.buffer.checkBounds: true
[1712月2025 21:46:21.381] [modloading-worker-0/DEBUG] [io.netty.util.ResourceLeakDetectorFactory/]: Loaded default ResourceLeakDetector: io.netty.util.ResourceLeakDetector@6de3ce
[1712月2025 21:46:21.390] [modloading-worker-0/DEBUG] [io.netty.util.internal.InternalThreadLocalMap/]: -Dio.netty.threadLocalMap.stringBuilder.initialSize: 1024
[1712月2025 21:46:21.390] [modloading-worker-0/DEBUG] [io.netty.util.internal.InternalThreadLocalMap/]: -Dio.netty.threadLocalMap.stringBuilder.maxSize: 4096
[1712月2025 21:46:21.393] [modloading-worker-0/DEBUG] [io.netty.buffer.PooledByteBufAllocator/]: -Dio.netty.allocator.numHeapArenas: 24
[1712月2025 21:46:21.393] [modloading-worker-0/DEBUG] [io.netty.buffer.PooledByteBufAllocator/]: -Dio.netty.allocator.numDirectArenas: 24
[1712月2025 21:46:21.393] [modloading-worker-0/DEBUG] [io.netty.buffer.PooledByteBufAllocator/]: -Dio.netty.allocator.pageSize: 8192
[1712月2025 21:46:21.393] [modloading-worker-0/DEBUG] [io.netty.buffer.PooledByteBufAllocator/]: -Dio.netty.allocator.maxOrder: 9
[1712月2025 21:46:21.394] [modloading-worker-0/DEBUG] [io.netty.buffer.PooledByteBufAllocator/]: -Dio.netty.allocator.chunkSize: 4194304
[1712月2025 21:46:21.394] [modloading-worker-0/DEBUG] [io.netty.buffer.PooledByteBufAllocator/]: -Dio.netty.allocator.smallCacheSize: 256
[1712月2025 21:46:21.394] [modloading-worker-0/DEBUG] [io.netty.buffer.PooledByteBufAllocator/]: -Dio.netty.allocator.normalCacheSize: 64
[1712月2025 21:46:21.394] [modloading-worker-0/DEBUG] [io.netty.buffer.PooledByteBufAllocator/]: -Dio.netty.allocator.maxCachedBufferCapacity: 32768
[1712月2025 21:46:21.394] [modloading-worker-0/DEBUG] [io.netty.buffer.PooledByteBufAllocator/]: -Dio.netty.allocator.cacheTrimInterval: 8192
[1712月2025 21:46:21.394] [modloading-worker-0/DEBUG] [io.netty.buffer.PooledByteBufAllocator/]: -Dio.netty.allocator.cacheTrimIntervalMillis: 0
[1712月2025 21:46:21.394] [modloading-worker-0/DEBUG] [io.netty.buffer.PooledByteBufAllocator/]: -Dio.netty.allocator.useCacheForAllThreads: false
[1712月2025 21:46:21.394] [modloading-worker-0/DEBUG] [io.netty.buffer.PooledByteBufAllocator/]: -Dio.netty.allocator.maxCachedByteBuffersPerChunk: 1023
[1712月2025 21:46:21.401] [modloading-worker-0/DEBUG] [io.netty.buffer.ByteBufUtil/]: -Dio.netty.allocator.type: pooled
[1712月2025 21:46:21.401] [modloading-worker-0/DEBUG] [io.netty.buffer.ByteBufUtil/]: -Dio.netty.threadLocalDirectBufferSize: 0
[1712月2025 21:46:21.401] [modloading-worker-0/DEBUG] [io.netty.buffer.ByteBufUtil/]: -Dio.netty.maxThreadLocalCharBufferSize: 16384
[1712月2025 21:46:21.408] [modloading-worker-0/DEBUG] [net.neoforged.fml.javafmlmod.AutomaticEventSubscriber/]: Subscribing @EventBusSubscriber class Lnet/neoforged/neoforge/network/filters/GenericPacketSplitter; to the mod event bus of mod neoforge
[1712月2025 21:46:21.411] [modloading-worker-0/DEBUG] [net.neoforged.fml.javafmlmod.AutomaticEventSubscriber/LOADING]: Scanning class net.neoforged.neoforge.network.NetworkInitialization for @SubscribeEvent-annotated methods
[1712月2025 21:46:21.412] [modloading-worker-0/DEBUG] [net.neoforged.fml.javafmlmod.AutomaticEventSubscriber/]: Subscribing @EventBusSubscriber class Lnet/neoforged/neoforge/network/NetworkInitialization; to the mod event bus of mod neoforge
[1712月2025 21:46:21.412] [modloading-worker-0/DEBUG] [net.neoforged.fml.javafmlmod.AutomaticEventSubscriber/LOADING]: Scanning class net.neoforged.neoforge.network.ConfigurationInitialization for @SubscribeEvent-annotated methods
[1712月2025 21:46:21.415] [modloading-worker-0/DEBUG] [net.neoforged.fml.javafmlmod.AutomaticEventSubscriber/]: Subscribing @EventBusSubscriber class Lnet/neoforged/neoforge/network/ConfigurationInitialization; to the mod event bus of mod neoforge
[1712月2025 21:46:21.416] [modloading-worker-0/DEBUG] [net.neoforged.fml.javafmlmod.AutomaticEventSubscriber/LOADING]: Scanning class net.neoforged.neoforge.common.MonsterRoomHooks for @SubscribeEvent-annotated methods
[1712月2025 21:46:21.417] [modloading-worker-0/DEBUG] [net.neoforged.fml.javafmlmod.AutomaticEventSubscriber/]: Subscribing @EventBusSubscriber class Lnet/neoforged/neoforge/common/MonsterRoomHooks; to the game event bus
[1712月2025 21:46:21.417] [modloading-worker-0/DEBUG] [net.neoforged.fml.javafmlmod.AutomaticEventSubscriber/LOADING]: Scanning class net.neoforged.neoforge.common.DeferredSpawnEggItem$CommonHandler for @SubscribeEvent-annotated methods
[1712月2025 21:46:21.417] [modloading-worker-0/DEBUG] [net.neoforged.fml.javafmlmod.AutomaticEventSubscriber/]: Subscribing @EventBusSubscriber class Lnet/neoforged/neoforge/common/DeferredSpawnEggItem$CommonHandler; to the mod event bus of mod neoforge
[1712月2025 21:46:21.419] [modloading-worker-0/DEBUG] [net.neoforged.fml.javafmlmod.AutomaticEventSubscriber/LOADING]: Scanning class net.neoforged.neoforge.common.DeferredSpawnEggItem$ColorRegisterHandler for @SubscribeEvent-annotated methods
[1712月2025 21:46:21.419] [modloading-worker-0/DEBUG] [net.neoforged.fml.javafmlmod.AutomaticEventSubscriber/]: Subscribing @EventBusSubscriber class Lnet/neoforged/neoforge/common/DeferredSpawnEggItem$ColorRegisterHandler; to the mod event bus of mod neoforge
[1712月2025 21:46:21.420] [modloading-worker-0/DEBUG] [net.neoforged.fml.javafmlmod.AutomaticEventSubscriber/LOADING]: Scanning class net.neoforged.neoforge.client.model.data.ModelDataManager for @SubscribeEvent-annotated methods
[1712月2025 21:46:21.422] [modloading-worker-0/DEBUG] [net.neoforged.fml.javafmlmod.AutomaticEventSubscriber/]: Subscribing @EventBusSubscriber class Lnet/neoforged/neoforge/client/model/data/ModelDataManager; to the game event bus
[1712月2025 21:46:21.423] [modloading-worker-0/DEBUG] [net.neoforged.fml.javafmlmod.AutomaticEventSubscriber/LOADING]: Scanning class net.neoforged.neoforge.client.ParticleBoundsDebugRenderer for @SubscribeEvent-annotated methods
[1712月2025 21:46:21.425] [modloading-worker-0/DEBUG] [net.neoforged.fml.javafmlmod.AutomaticEventSubscriber/]: Subscribing @EventBusSubscriber class Lnet/neoforged/neoforge/client/ParticleBoundsDebugRenderer; to the game event bus
[1712月2025 21:46:21.426] [modloading-worker-0/DEBUG] [net.neoforged.fml.javafmlmod.AutomaticEventSubscriber/LOADING]: Scanning class net.neoforged.neoforge.client.ClientHooks$ClientEvents for @SubscribeEvent-annotated methods
[1712月2025 21:46:21.429] [modloading-worker-0/DEBUG] [net.neoforged.fml.javafmlmod.AutomaticEventSubscriber/]: Subscribing @EventBusSubscriber class Lnet/neoforged/neoforge/client/ClientHooks$ClientEvents; to the mod event bus of mod neoforge
[1712月2025 21:46:21.430] [modloading-worker-0/DEBUG] [net.neoforged.fml.javafmlmod.AutomaticEventSubscriber/LOADING]: Scanning class net.neoforged.neoforge.client.BlockEntityRenderBoundsDebugRenderer for @SubscribeEvent-annotated methods
[1712月2025 21:46:21.430] [modloading-worker-0/DEBUG] [net.neoforged.fml.javafmlmod.AutomaticEventSubscriber/]: Subscribing @EventBusSubscriber class Lnet/neoforged/neoforge/client/BlockEntityRenderBoundsDebugRenderer; to the game event bus
[1712月2025 21:46:21.430] [modloading-worker-0/DEBUG] [net.neoforged.fml.javafmlmod.AutomaticEventSubscriber/LOADING]: Scanning class net.neoforged.neoforge.attachment.AttachmentSync for @SubscribeEvent-annotated methods
[1712月2025 21:46:21.435] [modloading-worker-0/DEBUG] [net.neoforged.fml.javafmlmod.AutomaticEventSubscriber/]: Subscribing @EventBusSubscriber class Lnet/neoforged/neoforge/attachment/AttachmentSync; to the game event bus
[1712月2025 21:46:21.436] [modloading-worker-0/DEBUG] [net.neoforged.fml.javafmlmod.AutomaticEventSubscriber/LOADING]: Scanning class net.neoforged.neoforge.attachment.AttachmentInternals for @SubscribeEvent-annotated methods
[1712月2025 21:46:21.437] [modloading-worker-0/DEBUG] [net.neoforged.fml.javafmlmod.AutomaticEventSubscriber/]: Subscribing @EventBusSubscriber class Lnet/neoforged/neoforge/attachment/AttachmentInternals; to the game event bus
[1712月2025 21:46:21.439] [modloading-sync-worker/DEBUG] [net.neoforged.fml.DeferredWorkQueue/LOADING]: Dispatching synchronous work for work queue Mod Construction: 1 jobs
[1712月2025 21:46:21.441] [modloading-sync-worker/DEBUG] [net.neoforged.fml.config.ConfigTracker/CONFIG]: Config file AA-RealityDestroyer(RD).toml for administrator_authorization tracking
[1712月2025 21:46:21.442] [modloading-sync-worker/DEBUG] [net.neoforged.fml.config.ConfigTracker/CONFIG]: Config file AA-Authorization.toml for administrator_authorization tracking
[1712月2025 21:46:21.444] [modloading-sync-worker/DEBUG] [net.neoforged.fml.config.ConfigTracker/CONFIG]: Config file AA-Interceptor.toml for administrator_authorization tracking
[1712月2025 21:46:21.446] [modloading-sync-worker/DEBUG] [net.neoforged.fml.DeferredWorkQueue/LOADING]: Synchronous work queue completed in 5.347 ms
[1712月2025 21:46:21.628] [modloading-sync-worker/DEBUG] [net.neoforged.fml.config.ConfigTracker/CONFIG]: Loading configs type CLIENT
[1712月2025 21:46:21.638] [modloading-sync-worker/DEBUG] [net.neoforged.neoforge.common.NeoForgeConfig/FORGEMOD]: Loaded NeoForge config file neoforge-client.toml
[1712月2025 21:46:21.639] [modloading-sync-worker/DEBUG] [net.neoforged.fml.config.ConfigTracker/CONFIG]: Loaded TOML config file C:\Users\Andy liu\IdeaProjects\administrator_authorization\run\config\neoforge-client.toml
[1712月2025 21:46:21.645] [modloading-sync-worker/DEBUG] [net.neoforged.fml.config.ConfigTracker/CONFIG]: Watching TOML config file C:\Users\Andy liu\IdeaProjects\administrator_authorization\run\config\neoforge-client.toml for changes
[1712月2025 21:46:21.646] [modloading-sync-worker/DEBUG] [net.neoforged.fml.config.ConfigTracker/CONFIG]: Loading configs type COMMON
[1712月2025 21:46:21.646] [modloading-sync-worker/DEBUG] [net.neoforged.neoforge.common.NeoForgeConfig/FORGEMOD]: Loaded NeoForge config file neoforge-common.toml
[1712月2025 21:46:21.646] [modloading-sync-worker/DEBUG] [net.neoforged.fml.config.ConfigTracker/CONFIG]: Loaded TOML config file C:\Users\Andy liu\IdeaProjects\administrator_authorization\run\config\neoforge-common.toml
[1712月2025 21:46:21.648] [modloading-sync-worker/DEBUG] [net.neoforged.fml.config.ConfigTracker/CONFIG]: Watching TOML config file C:\Users\Andy liu\IdeaProjects\administrator_authorization\run\config\neoforge-common.toml for changes
[1712月2025 21:46:21.649] [modloading-sync-worker/DEBUG] [net.neoforged.fml.config.ConfigTracker/CONFIG]: Loaded TOML config file C:\Users\Andy liu\IdeaProjects\administrator_authorization\run\config\AA-RealityDestroyer(RD).toml
[1712月2025 21:46:21.650] [modloading-sync-worker/DEBUG] [net.neoforged.fml.config.ConfigTracker/CONFIG]: Watching TOML config file C:\Users\Andy liu\IdeaProjects\administrator_authorization\run\config\AA-RealityDestroyer(RD).toml for changes
[1712月2025 21:46:21.651] [modloading-sync-worker/DEBUG] [net.neoforged.fml.config.ConfigTracker/CONFIG]: Loaded TOML config file C:\Users\Andy liu\IdeaProjects\administrator_authorization\run\config\AA-Authorization.toml
[1712月2025 21:46:21.651] [modloading-sync-worker/DEBUG] [net.neoforged.fml.config.ConfigTracker/CONFIG]: Watching TOML config file C:\Users\Andy liu\IdeaProjects\administrator_authorization\run\config\AA-Authorization.toml for changes
[1712月2025 21:46:21.652] [modloading-sync-worker/DEBUG] [net.neoforged.fml.config.ConfigTracker/CONFIG]: Loaded TOML config file C:\Users\Andy liu\IdeaProjects\administrator_authorization\run\config\AA-Interceptor.toml
[1712月2025 21:46:21.652] [modloading-sync-worker/DEBUG] [net.neoforged.fml.config.ConfigTracker/CONFIG]: Watching TOML config file C:\Users\Andy liu\IdeaProjects\administrator_authorization\run\config\AA-Interceptor.toml for changes
[1712月2025 21:46:22.298] [Render thread/INFO] [net.neoforged.neoforge.gametest.GameTestHooks/]: Enabled Gametest Namespaces: [administrator_authorization]
[1712月2025 21:46:22.465] [Render thread/INFO] [net.minecraft.server.packs.resources.ReloadableResourceManager/]: Reloading ResourceManager: vanilla, mod_resources, mod/administrator_authorization, mod/neoforge
[1712月2025 21:46:22.572] [Worker-Main-10/INFO] [net.minecraft.client.gui.font.providers.UnihexProvider/]: Found unifont_all_no_pua-15.1.05.hex, loading
[1712月2025 21:46:22.575] [Render thread/DEBUG] [net.neoforged.fml.DeferredWorkQueue/LOADING]: Dispatching synchronous work for work queue Common setup: 1 jobs
[1712月2025 21:46:22.576] [Render thread/DEBUG] [net.neoforged.fml.DeferredWorkQueue/LOADING]: Synchronous work queue completed in 435.9 μs
[1712月2025 21:46:22.733] [Worker-Main-1/INFO] [net.minecraft.client.gui.font.providers.UnihexProvider/]: Found unifont_jp_patch-15.1.05.hex, loading
[1712月2025 21:46:24.137] [Render thread/WARN] [net.minecraft.client.sounds.SoundEngine/]: Missing sound for event: minecraft:item.goat_horn.play
[1712月2025 21:46:24.138] [Render thread/WARN] [net.minecraft.client.sounds.SoundEngine/]: Missing sound for event: minecraft:entity.goat.screaming.horn_break
[1712月2025 21:46:24.763] [Render thread/INFO] [com.mojang.blaze3d.audio.Library/]: OpenAL initialized on device OpenAL Soft on Speakers (Realtek(R) Audio)
[1712月2025 21:46:24.764] [Render thread/INFO] [net.minecraft.client.sounds.SoundEngine/SOUNDS]: Sound engine started
[1712月2025 21:46:24.973] [Render thread/INFO] [net.minecraft.client.renderer.texture.TextureAtlas/]: Created: 1024x512x2 minecraft:textures/atlas/blocks.png-atlas
[1712月2025 21:46:24.982] [Render thread/INFO] [net.minecraft.client.renderer.texture.TextureAtlas/]: Created: 256x256x2 minecraft:textures/atlas/signs.png-atlas
[1712月2025 21:46:24.982] [Render thread/INFO] [net.minecraft.client.renderer.texture.TextureAtlas/]: Created: 512x512x2 minecraft:textures/atlas/shield_patterns.png-atlas
[1712月2025 21:46:24.983] [Render thread/INFO] [net.minecraft.client.renderer.texture.TextureAtlas/]: Created: 512x512x2 minecraft:textures/atlas/banner_patterns.png-atlas
[1712月2025 21:46:24.983] [Render thread/INFO] [net.minecraft.client.renderer.texture.TextureAtlas/]: Created: 1024x1024x2 minecraft:textures/atlas/armor_trims.png-atlas
[1712月2025 21:46:24.986] [Render thread/INFO] [net.minecraft.client.renderer.texture.TextureAtlas/]: Created: 128x64x2 minecraft:textures/atlas/decorated_pot.png-atlas
[1712月2025 21:46:24.986] [Render thread/INFO] [net.minecraft.client.renderer.texture.TextureAtlas/]: Created: 256x256x2 minecraft:textures/atlas/chest.png-atlas
[1712月2025 21:46:24.986] [Render thread/INFO] [net.minecraft.client.renderer.texture.TextureAtlas/]: Created: 512x256x2 minecraft:textures/atlas/shulker_boxes.png-atlas
[1712月2025 21:46:24.986] [Render thread/INFO] [net.minecraft.client.renderer.texture.TextureAtlas/]: Created: 512x256x2 minecraft:textures/atlas/beds.png-atlas
[1712月2025 21:46:25.172] [Render thread/INFO] [net.minecraft.client.renderer.texture.TextureAtlas/]: Created: 512x256x0 minecraft:textures/atlas/particles.png-atlas
[1712月2025 21:46:25.175] [Render thread/INFO] [net.minecraft.client.renderer.texture.TextureAtlas/]: Created: 512x256x0 minecraft:textures/atlas/paintings.png-atlas
[1712月2025 21:46:25.175] [Render thread/INFO] [net.minecraft.client.renderer.texture.TextureAtlas/]: Created: 256x128x0 minecraft:textures/atlas/mob_effects.png-atlas
[1712月2025 21:46:25.175] [Render thread/INFO] [net.minecraft.client.renderer.texture.TextureAtlas/]: Created: 64x64x0 minecraft:textures/atlas/map_decorations.png-atlas
[1712月2025 21:46:25.176] [Render thread/INFO] [net.minecraft.client.renderer.texture.TextureAtlas/]: Created: 1024x512x0 minecraft:textures/atlas/gui.png-atlas
[1712月2025 21:46:25.215] [Render thread/WARN] [net.minecraft.client.renderer.ShaderInstance/]: Shader rendertype_entity_translucent_emissive could not find sampler named Sampler2 in the specified shader program.
[1712月2025 21:46:25.299] [Render thread/INFO] [net.neoforged.neoforge.client.entity.animation.json.AnimationLoader/]: Loaded 0 entity animations
[1712月2025 21:46:29.789] [Render thread/INFO] [net.minecraft.world.item.crafting.RecipeManager/]: Loaded 1290 recipes
[1712月2025 21:46:29.959] [Render thread/INFO] [net.minecraft.advancements.AdvancementTree/]: Loaded 1399 advancements
[1712月2025 21:46:30.298] [Render thread/DEBUG] [net.neoforged.neoforge.common.CommonHooks/WP]: Gathered mod list to write to world save test world
[1712月2025 21:46:30.323] [Render thread/DEBUG] [mixin/]: Mixing PlayerListMixin from administrator_authorization.mixins.json into net.minecraft.server.players.PlayerList
[1712月2025 21:46:30.324] [Render thread/DEBUG] [mixin/]: administrator_authorization.mixins.json:PlayerListMixin from mod administrator_authorization: Class version 65 required is higher than the class version supported by the current version of Mixin (JAVA_17 supports class version 61)
[1712月2025 21:46:30.327] [Render thread/DEBUG] [mixin/]: administrator_authorization.mixins.json:PlayerListMixin from mod administrator_authorization->@Inject::respawn(Lnet/minecraft/server/level/ServerPlayer;ZLnet/minecraft/world/entity/Entity$RemovalReason;Lorg/spongepowered/asm/mixin/injection/callback/CallbackInfoReturnable;)V does use it's CallbackInfoReturnable
[1712月2025 21:46:30.351] [Server thread/INFO] [net.minecraft.client.server.IntegratedServer/]: Starting integrated minecraft server version 1.21.1
[1712月2025 21:46:30.351] [Server thread/INFO] [net.minecraft.server.MinecraftServer/]: Generating keypair
[1712月2025 21:46:30.473] [Server thread/DEBUG] [net.neoforged.fml.config.ConfigTracker/CONFIG]: Loading configs type SERVER
[1712月2025 21:46:30.475] [Server thread/DEBUG] [net.neoforged.neoforge.common.NeoForgeConfig/FORGEMOD]: Loaded NeoForge config file neoforge-server.toml
[1712月2025 21:46:30.475] [Server thread/DEBUG] [net.neoforged.fml.config.ConfigTracker/CONFIG]: Loaded TOML config file C:\Users\Andy liu\IdeaProjects\administrator_authorization\run\config\neoforge-server.toml
[1712月2025 21:46:30.476] [Server thread/DEBUG] [net.neoforged.fml.config.ConfigTracker/CONFIG]: Watching TOML config file C:\Users\Andy liu\IdeaProjects\administrator_authorization\run\config\neoforge-server.toml for changes
[1712月2025 21:46:30.556] [Server thread/DEBUG] [mixin/]: Mixing PersistentEntitySectionManagerMixin from administrator_authorization.mixins.json into net.minecraft.world.level.entity.PersistentEntitySectionManager
[1712月2025 21:46:30.556] [Server thread/DEBUG] [mixin/]: administrator_authorization.mixins.json:PersistentEntitySectionManagerMixin from mod administrator_authorization: Class version 65 required is higher than the class version supported by the current version of Mixin (JAVA_17 supports class version 61)
[1712月2025 21:46:30.784] [Server thread/INFO] [net.minecraft.server.MinecraftServer/]: Preparing start region for dimension minecraft:overworld
[1712月2025 21:46:31.006] [progressListener/INFO] [net.minecraft.server.level.progress.LoggerChunkProgressListener/]: 正在準備重生點區域：0%
[1712月2025 21:46:31.049] [Server thread/DEBUG] [mixin/]: Mixing EntitySectionMixin from administrator_authorization.mixins.json into net.minecraft.world.level.entity.EntitySection
[1712月2025 21:46:31.049] [Server thread/DEBUG] [mixin/]: administrator_authorization.mixins.json:EntitySectionMixin from mod administrator_authorization: Class version 65 required is higher than the class version supported by the current version of Mixin (JAVA_17 supports class version 61)
[1712月2025 21:46:31.050] [Server thread/DEBUG] [mixin/]: Renaming synthetic method lambda$missingEntity$0(Lnet/minecraft/world/level/entity/EntityAccess;)Z to md2dd55f$administrator_authorization$lambda$missingEntity$0$0 in administrator_authorization.mixins.json:EntitySectionMixin from mod administrator_authorization
[1712月2025 21:46:31.052] [Server thread/DEBUG] [mixin/]: administrator_authorization.mixins.json:EntitySectionMixin from mod administrator_authorization->@Inject::missingEntity(Lorg/spongepowered/asm/mixin/injection/callback/CallbackInfoReturnable;)V does use it's CallbackInfoReturnable
[1712月2025 21:46:31.071] [Server thread/INFO] [net.neoforged.neoforge.server.permission.PermissionAPI/]: Successfully initialized permission handler neoforge:default_handler
[1712月2025 21:46:31.081] [progressListener/INFO] [net.minecraft.server.level.progress.LoggerChunkProgressListener/]: Time elapsed: 291 ms
[1712月2025 21:46:31.165] [Server thread/INFO] [net.minecraft.client.server.IntegratedServer/]: Changing view distance to 5, from 10
[1712月2025 21:46:31.165] [Server thread/INFO] [net.minecraft.client.server.IntegratedServer/]: Changing simulation distance to 12, from 0
[1712月2025 21:46:31.184] [Render thread/DEBUG] [io.netty.channel.MultithreadEventLoopGroup/]: -Dio.netty.eventLoopThreads: 24
[1712月2025 21:46:31.198] [Render thread/DEBUG] [io.netty.util.concurrent.GlobalEventExecutor/]: -Dio.netty.globalEventExecutor.quietPeriodSeconds: 1
[1712月2025 21:46:31.212] [Render thread/DEBUG] [io.netty.channel.nio.NioEventLoop/]: -Dio.netty.noKeySetOptimization: false
[1712月2025 21:46:31.213] [Render thread/DEBUG] [io.netty.channel.nio.NioEventLoop/]: -Dio.netty.selectorAutoRebuildThreshold: 512
[1712月2025 21:46:31.220] [Render thread/DEBUG] [io.netty.util.internal.PlatformDependent/]: org.jctools-core.MpscChunkedArrayQueue: available
[1712月2025 21:46:31.264] [Render thread/DEBUG] [io.netty.channel.DefaultChannelId/]: -Dio.netty.processId: 12412 (auto-detected)
[1712月2025 21:46:31.266] [Render thread/DEBUG] [io.netty.util.NetUtil/]: -Djava.net.preferIPv4Stack: false
[1712月2025 21:46:31.266] [Render thread/DEBUG] [io.netty.util.NetUtil/]: -Djava.net.preferIPv6Addresses: system
[1712月2025 21:46:31.269] [Render thread/DEBUG] [io.netty.util.NetUtilInitializations/]: Loopback interface: loopback_0 (Software Loopback Interface 1, 0:0:0:0:0:0:0:1)
[1712月2025 21:46:31.273] [Render thread/DEBUG] [io.netty.util.NetUtil/]: Failed to get SOMAXCONN from sysctl and file \proc\sys\net\core\somaxconn. Default: 200
[1712月2025 21:46:31.274] [Render thread/DEBUG] [io.netty.channel.DefaultChannelId/]: -Dio.netty.machineId: 30:c5:99:ff:fe:44:ac:0a (auto-detected)
[1712月2025 21:46:31.347] [Render thread/DEBUG] [io.netty.util.Recycler/]: -Dio.netty.recycler.maxCapacityPerThread: 4096
[1712月2025 21:46:31.347] [Render thread/DEBUG] [io.netty.util.Recycler/]: -Dio.netty.recycler.ratio: 8
[1712月2025 21:46:31.347] [Render thread/DEBUG] [io.netty.util.Recycler/]: -Dio.netty.recycler.chunkSize: 32
[1712月2025 21:46:31.347] [Render thread/DEBUG] [io.netty.util.Recycler/]: -Dio.netty.recycler.blocking: false
[1712月2025 21:46:31.347] [Render thread/DEBUG] [io.netty.util.Recycler/]: -Dio.netty.recycler.batchFastThreadLocalOnly: true
[1712月2025 21:46:31.566] [Netty Server IO #1/DEBUG] [net.neoforged.neoforge.network.filters.NetworkFilters/]: Injected net.neoforged.neoforge.network.filters.GenericPacketSplitter@5fa16faf into net.minecraft.network.Connection@4bc1e877
[1712月2025 21:46:31.573] [Netty Local Client IO #0/DEBUG] [net.neoforged.neoforge.network.filters.NetworkFilters/]: Injected net.neoforged.neoforge.network.filters.GenericPacketSplitter@375312b6 into net.minecraft.network.Connection@727b5ac4
[1712月2025 21:46:31.842] [Netty Server IO #1/DEBUG] [net.neoforged.neoforge.network.filters.NetworkFilters/]: Injected net.neoforged.neoforge.network.filters.GenericPacketSplitter@34603f0e into net.minecraft.network.Connection@4bc1e877
[1712月2025 21:46:31.845] [Server thread/DEBUG] [mixin/]: Mixing ItemCooldownMixin from administrator_authorization.mixins.json into net.minecraft.world.item.ItemCooldowns
[1712月2025 21:46:31.845] [Server thread/DEBUG] [mixin/]: administrator_authorization.mixins.json:ItemCooldownMixin from mod administrator_authorization: Class version 65 required is higher than the class version supported by the current version of Mixin (JAVA_17 supports class version 61)
[1712月2025 21:46:31.849] [Server thread/DEBUG] [mixin/]: administrator_authorization.mixins.json:ItemCooldownMixin from mod administrator_authorization->@Inject::addCooldown(Lnet/minecraft/world/item/Item;ILorg/spongepowered/asm/mixin/injection/callback/CallbackInfo;)V does use it's CallbackInfo
[1712月2025 21:46:31.855] [Server thread/DEBUG] [mixin/]: Mixing DataItemMixin from administrator_authorization.mixins.json into net.minecraft.network.syncher.SynchedEntityData$DataItem
[1712月2025 21:46:31.855] [Server thread/DEBUG] [mixin/]: administrator_authorization.mixins.json:DataItemMixin from mod administrator_authorization: Class version 65 required is higher than the class version supported by the current version of Mixin (JAVA_17 supports class version 61)
[1712月2025 21:46:31.862] [Server thread/DEBUG] [mixin/]: administrator_authorization.mixins.json:DataItemMixin from mod administrator_authorization->@Inject::init(Lnet/minecraft/network/syncher/EntityDataAccessor;Ljava/lang/Object;Lorg/spongepowered/asm/mixin/injection/callback/CallbackInfo;)V doesn't use it's CallbackInfo
[1712月2025 21:46:31.862] [Server thread/DEBUG] [mixin/]: administrator_authorization.mixins.json:DataItemMixin from mod administrator_authorization->@Inject::init(Lnet/minecraft/network/syncher/EntityDataAccessor;Ljava/lang/Object;Lorg/spongepowered/asm/mixin/injection/callback/CallbackInfo;)V has 0 override(s) in child classes
[1712月2025 21:46:31.862] [Server thread/DEBUG] [mixin/]: administrator_authorization.mixins.json:DataItemMixin from mod administrator_authorization->@Inject::init(Lnet/minecraft/network/syncher/EntityDataAccessor;Ljava/lang/Object;Lorg/spongepowered/asm/mixin/injection/callback/CallbackInfo;)V won't be passed a CallbackInfo as a result
[1712月2025 21:46:31.862] [Server thread/DEBUG] [mixin/]: administrator_authorization.mixins.json:DataItemMixin from mod administrator_authorization->@Inject::setDirty(ZLorg/spongepowered/asm/mixin/injection/callback/CallbackInfo;)V does use it's CallbackInfo
[1712月2025 21:46:31.863] [Server thread/DEBUG] [mixin/]: administrator_authorization.mixins.json:DataItemMixin from mod administrator_authorization->@Inject::setValue(Ljava/lang/Object;Lorg/spongepowered/asm/mixin/injection/callback/CallbackInfo;)V does use it's CallbackInfo
[1712月2025 21:46:31.863] [Server thread/DEBUG] [mixin/]: administrator_authorization.mixins.json:DataItemMixin from mod administrator_authorization->@Inject::getValue(Lorg/spongepowered/asm/mixin/injection/callback/CallbackInfoReturnable;)V does use it's CallbackInfoReturnable
[1712月2025 21:46:31.863] [Server thread/DEBUG] [mixin/]: administrator_authorization.mixins.json:DataItemMixin from mod administrator_authorization->@Inject::value(Lorg/spongepowered/asm/mixin/injection/callback/CallbackInfoReturnable;)V does use it's CallbackInfoReturnable
[1712月2025 21:46:31.863] [Server thread/DEBUG] [mixin/]: administrator_authorization.mixins.json:DataItemMixin from mod administrator_authorization->@Inject::isSetToDefault(Lorg/spongepowered/asm/mixin/injection/callback/CallbackInfoReturnable;)V does use it's CallbackInfoReturnable
[1712月2025 21:46:31.868] [Server thread/DEBUG] [mixin/]: Mixing AttributeMapMixin from administrator_authorization.mixins.json into net.minecraft.world.entity.ai.attributes.AttributeMap
[1712月2025 21:46:31.868] [Server thread/DEBUG] [mixin/]: administrator_authorization.mixins.json:AttributeMapMixin from mod administrator_authorization: Class version 65 required is higher than the class version supported by the current version of Mixin (JAVA_17 supports class version 61)
[1712月2025 21:46:31.947] [Server thread/INFO] [net.minecraft.server.players.PlayerList/]: Dev[local:E:ce5e6fb7] logged in with entity id 1 at (-20.468011119332868, -60.0, -106.07608370847701)
[1712月2025 21:46:31.966] [Render thread/DEBUG] [mixin/]: Mixing TransientEntitySectionManagerMixin from administrator_authorization.mixins.json into net.minecraft.world.level.entity.TransientEntitySectionManager
[1712月2025 21:46:31.967] [Render thread/DEBUG] [mixin/]: administrator_authorization.mixins.json:TransientEntitySectionManagerMixin from mod administrator_authorization: Class version 65 required is higher than the class version supported by the current version of Mixin (JAVA_17 supports class version 61)
[1712月2025 21:46:31.994] [Server thread/INFO] [net.minecraft.server.MinecraftServer/]: Dev 加入了遊戲
[1712月2025 21:46:32.151] [Render thread/INFO] [net.minecraft.advancements.AdvancementTree/]: Loaded 41 advancements
[1712月2025 21:46:43.971] [Server thread/INFO] [net.minecraft.server.MinecraftServer/]: [Dev: 已召喚新的 伏守者]
[1712月2025 21:46:43.991] [Render thread/INFO] [net.minecraft.client.gui.components.ChatComponent/]: [System] [CHAT] 已召喚新的 伏守者
[1712月2025 21:47:09.849] [Server thread/WARN] [net.minecraft.server.MinecraftServer/]: Can't keep up! Is the server overloaded? Running 21926ms or 438 ticks behind
[1712月2025 21:47:09.923] [Server thread/INFO] [net.minecraft.client.server.IntegratedServer/]: Saving and pausing game...
[1712月2025 21:47:09.953] [Server thread/INFO] [net.minecraft.server.MinecraftServer/]: Saving chunks for level 'ServerLevel[test world]'/minecraft:overworld
[1712月2025 21:47:09.977] [Server thread/INFO] [net.minecraft.server.MinecraftServer/]: Saving chunks for level 'ServerLevel[test world]'/minecraft:the_nether
[1712月2025 21:47:09.980] [Server thread/INFO] [net.minecraft.server.MinecraftServer/]: Saving chunks for level 'ServerLevel[test world]'/minecraft:the_end
[1712月2025 21:47:09.981] [Server thread/INFO] [net.minecraft.server.MinecraftServer/]: Saving chunks for level 'ServerLevel[test world]'/administrator_authorization:anti_void
[1712月2025 21:47:09.987] [Server thread/DEBUG] [net.neoforged.neoforge.common.CommonHooks/WP]: Gathered mod list to write to world save test world
[1712月2025 21:47:28.952] [Server thread/INFO] [net.minecraft.client.server.IntegratedServer/]: Saving and pausing game...
[1712月2025 21:47:28.965] [Server thread/INFO] [net.minecraft.server.MinecraftServer/]: Saving chunks for level 'ServerLevel[test world]'/minecraft:overworld
[1712月2025 21:47:28.968] [Server thread/INFO] [net.minecraft.server.MinecraftServer/]: Saving chunks for level 'ServerLevel[test world]'/minecraft:the_nether
[1712月2025 21:47:28.968] [Server thread/INFO] [net.minecraft.server.MinecraftServer/]: Saving chunks for level 'ServerLevel[test world]'/minecraft:the_end
[1712月2025 21:47:28.968] [Server thread/INFO] [net.minecraft.server.MinecraftServer/]: Saving chunks for level 'ServerLevel[test world]'/administrator_authorization:anti_void
[1712月2025 21:47:28.971] [Server thread/DEBUG] [net.neoforged.neoforge.common.CommonHooks/WP]: Gathered mod list to write to world save test world
[1712月2025 21:47:28.977] [Server thread/WARN] [net.minecraft.server.MinecraftServer/]: Can't keep up! Is the server overloaded? Running 4154ms or 83 ticks behind
[1712月2025 21:47:36.127] [Server thread/INFO] [net.minecraft.client.server.IntegratedServer/]: Saving and pausing game...
[1712月2025 21:47:36.140] [Server thread/INFO] [net.minecraft.server.MinecraftServer/]: Saving chunks for level 'ServerLevel[test world]'/minecraft:overworld
[1712月2025 21:47:36.142] [Server thread/INFO] [net.minecraft.server.MinecraftServer/]: Saving chunks for level 'ServerLevel[test world]'/minecraft:the_nether
[1712月2025 21:47:36.143] [Server thread/INFO] [net.minecraft.server.MinecraftServer/]: Saving chunks for level 'ServerLevel[test world]'/minecraft:the_end
[1712月2025 21:47:36.143] [Server thread/INFO] [net.minecraft.server.MinecraftServer/]: Saving chunks for level 'ServerLevel[test world]'/administrator_authorization:anti_void
[1712月2025 21:47:36.146] [Server thread/DEBUG] [net.neoforged.neoforge.common.CommonHooks/WP]: Gathered mod list to write to world save test world
[1712月2025 21:47:39.474] [Server thread/INFO] [net.minecraft.client.server.IntegratedServer/]: Saving and pausing game...
[1712月2025 21:47:39.496] [Server thread/INFO] [net.minecraft.server.MinecraftServer/]: Saving chunks for level 'ServerLevel[test world]'/minecraft:overworld
[1712月2025 21:47:39.498] [Server thread/INFO] [net.minecraft.server.MinecraftServer/]: Saving chunks for level 'ServerLevel[test world]'/minecraft:the_nether
[1712月2025 21:47:39.498] [Server thread/INFO] [net.minecraft.server.MinecraftServer/]: Saving chunks for level 'ServerLevel[test world]'/minecraft:the_end
[1712月2025 21:47:39.499] [Server thread/INFO] [net.minecraft.server.MinecraftServer/]: Saving chunks for level 'ServerLevel[test world]'/administrator_authorization:anti_void
[1712月2025 21:47:39.502] [Server thread/DEBUG] [net.neoforged.neoforge.common.CommonHooks/WP]: Gathered mod list to write to world save test world
[1712月2025 21:47:39.925] [Server thread/INFO] [net.minecraft.server.network.ServerGamePacketListenerImpl/]: Dev lost connection: 連線中斷
[1712月2025 21:47:39.925] [Server thread/INFO] [net.minecraft.server.MinecraftServer/]: Dev 離開了遊戲
[1712月2025 21:47:39.947] [Server thread/INFO] [net.minecraft.server.network.ServerCommonPacketListenerImpl/]: Stopping singleplayer server as player logged out
[1712月2025 21:47:39.974] [Server thread/INFO] [net.minecraft.server.MinecraftServer/]: Stopping server
[1712月2025 21:47:39.974] [Server thread/INFO] [net.minecraft.server.MinecraftServer/]: Saving players
[1712月2025 21:47:39.975] [Server thread/INFO] [net.minecraft.server.MinecraftServer/]: Saving worlds
[1712月2025 21:47:40.842] [Server thread/INFO] [net.minecraft.server.MinecraftServer/]: Saving chunks for level 'ServerLevel[test world]'/minecraft:overworld
[1712月2025 21:47:40.856] [Server thread/INFO] [net.minecraft.server.MinecraftServer/]: Saving chunks for level 'ServerLevel[test world]'/minecraft:the_nether
[1712月2025 21:47:40.860] [Server thread/INFO] [net.minecraft.server.MinecraftServer/]: Saving chunks for level 'ServerLevel[test world]'/minecraft:the_end
[1712月2025 21:47:40.863] [Server thread/INFO] [net.minecraft.server.MinecraftServer/]: Saving chunks for level 'ServerLevel[test world]'/administrator_authorization:anti_void
[1712月2025 21:47:40.869] [Server thread/DEBUG] [net.neoforged.neoforge.common.CommonHooks/WP]: Gathered mod list to write to world save test world
[1712月2025 21:47:40.875] [Server thread/INFO] [net.minecraft.server.MinecraftServer/]: ThreadedAnvilChunkStorage (test world): All chunks are saved
[1712月2025 21:47:40.875] [Server thread/INFO] [net.minecraft.server.MinecraftServer/]: ThreadedAnvilChunkStorage (DIM-1): All chunks are saved
[1712月2025 21:47:40.876] [Server thread/INFO] [net.minecraft.server.MinecraftServer/]: ThreadedAnvilChunkStorage (DIM1): All chunks are saved
[1712月2025 21:47:40.876] [Server thread/INFO] [net.minecraft.server.MinecraftServer/]: ThreadedAnvilChunkStorage (anti_void): All chunks are saved
[1712月2025 21:47:40.876] [Server thread/INFO] [net.minecraft.server.MinecraftServer/]: ThreadedAnvilChunkStorage: All dimensions are saved
[1712月2025 21:47:40.887] [Server thread/DEBUG] [net.neoforged.fml.config.ConfigTracker/CONFIG]: Unloading configs type SERVER
[1712月2025 21:47:41.299] [Render thread/INFO] [net.minecraft.client.Minecraft/]: Stopping!
